CHROM,POS
NZ_CM142192.1, 2184418
NZ_CM142192.1, 3003836
NZ_CM142192.1, 4021408
NZ_CM142192.1, 4825242
NZ_CM142192.1, 103100
NZ_CM142192.1, 163213
NZ_CM142192.1, 497028
NZ_CM142192.1, 1020617
NZ_CM142192.1, 1195438
NZ_CM142192.1, 1388318
NZ_CM142192.1, 1724549
NZ_CM142192.1, 2019680
NZ_CM142192.1, 2026738
NZ_CM142192.1, 3594366
NZ_CM142192.1, 3773142
NZ_CM142192.1, 4060634
NZ_CM142192.1, 4428393
NZ_CM142192.1, 1226845
NZ_CM142192.1, 3425570
NZ_CM142192.1, 822802
NZ_CM142192.1, 839485
NZ_CM142192.1, 4352047
NZ_CM142192.1, 1573235
NZ_CM142192.1, 1762186
NZ_CM142192.1, 2921347
NZ_CM142192.1, 3798677
NZ_CM142192.1, 910059
NZ_CM142192.1, 3333869
NZ_CM142192.1, 3876455
NZ_CM142192.1, 4512470
NZ_CM142192.1, 5047194
NZ_CM142192.1, 2369586
NZ_CM142192.1, 1477665
NZ_CM142192.1, 1616819
NZ_CM142192.1, 2043493
NZ_CM142192.1, 2472837
NZ_CM142192.1, 2619190
NZ_CM142192.1, 3358242
NZ_CM142192.1, 3979261
NZ_CM142192.1, 4387543
NZ_CM142192.1, 139488
NZ_CM142192.1, 518304
NZ_CM142192.1, 616996
NZ_CM142192.1, 783283
NZ_CM142192.1, 2255340
NZ_CM142192.1, 2875013
NZ_CM142192.1, 3772556
NZ_CM142192.1, 3885539
NZ_CM142192.1, 4417259
NZ_CM142192.1, 4932777
NZ_CM142192.1, 1174670
NZ_CM142192.1, 1200052
NZ_CM142192.1, 3508251
NZ_CM142192.1, 3977561
NZ_CM142192.1, 1464003
NZ_CM142192.1, 1464033
NZ_CM142192.1, 2181049
NZ_CM142192.1, 2571378
NZ_CM142192.1, 2571405
NZ_CM142192.1, 2571418
NZ_CM142192.1, 4297687
NZ_CM142192.1, 4750560
NZ_CM142192.1, 1835384
NZ_CM142192.1, 2359732
NZ_CM142192.1, 2796205
NZ_CM142192.1, 329680
NZ_CM142192.1, 1830318
NZ_CM142192.1, 605433
NZ_CM142192.1, 1193869
NZ_CM142192.1, 3885389
NZ_CM142192.1, 92177
NZ_CM142192.1, 570227
NZ_CM142192.1, 733482
NZ_CM142192.1, 1314847
NZ_CM142192.1, 1698112
NZ_CM142192.1, 1743733
NZ_CM142192.1, 1889669
NZ_CM142192.1, 2130071
NZ_CM142192.1, 2572214
NZ_CM142192.1, 2751914
NZ_CM142192.1, 3232473
NZ_CM142192.1, 3296272
NZ_CM142192.1, 3457716
NZ_CM142192.1, 3597167
NZ_CM142192.1, 4613152
NZ_CM142192.1, 4664511
NZ_CM142192.1, 1481552
NZ_CM142192.1, 1526809
NZ_CM142192.1, 569340
NZ_CM142192.1, 790042
NZ_CM142192.1, 1096455
NZ_CM142192.1, 2192697
NZ_CM142192.1, 2418895
NZ_CM142192.1, 2794116
NZ_CM142192.1, 2916884
NZ_CM142192.1, 3007830
NZ_CM142192.1, 3589350
NZ_CM142192.1, 4449013
NZ_CM142192.1, 4512233
NZ_CM142192.1, 1077107
NZ_CM142192.1, 2510477
NZ_CM142192.1, 1430971
NZ_CM142192.1, 2043902
NZ_CM142192.1, 2137068
NZ_CM142192.1, 2732002
NZ_CM142192.1, 2968989
NZ_CM142192.1, 3485815
NZ_CM142192.1, 4618448
NZ_CM142192.1, 170108
NZ_CM142192.1, 501641
NZ_CM142192.1, 629754
NZ_CM142192.1, 1373364
NZ_CM142192.1, 1592989
NZ_CM142192.1, 1843508
NZ_CM142192.1, 2754049
NZ_CM142192.1, 3348530
NZ_CM142192.1, 3355237
NZ_CM142192.1, 4128340
NZ_CM142192.1, 4219521
NZ_CM142192.1, 4953613
NZ_CM142192.1, 3997882
NZ_CM142192.1, 2574984
NZ_CM142192.1, 1458501
NZ_CM142192.1, 538623
NZ_CM142192.1, 767130
NZ_CM142192.1, 1694277
NZ_CM142192.1, 1849398
NZ_CM142192.1, 2330280
NZ_CM142192.1, 2594372
NZ_CM142192.1, 3357527
NZ_CM142192.1, 3782689
NZ_CM142192.1, 4777249
NZ_CM142192.1, 200827
NZ_CM142192.1, 325024
NZ_CM142192.1, 525213
NZ_CM142192.1, 1090196
NZ_CM142192.1, 1281637
NZ_CM142192.1, 1525748
NZ_CM142192.1, 1545323
NZ_CM142192.1, 1686631
NZ_CM142192.1, 1849850
NZ_CM142192.1, 2325454
NZ_CM142192.1, 4001468
NZ_CM142192.1, 4106545
NZ_CM142192.1, 4475612
NZ_CM142192.1, 5004061
NZ_CM142192.1, 308719
NZ_CM142192.1, 3794694
NZ_CM142192.1, 1440421
NZ_CM142192.1, 3201659
NZ_CM142192.1, 57596
NZ_CM142192.1, 1865345
NZ_CM142192.1, 2757041
NZ_CM142192.1, 2817042
NZ_CM142192.1, 3107111
NZ_CM142192.1, 3778029
NZ_CM142192.1, 3792948
NZ_CM142192.1, 3792974
NZ_CM142192.1, 3792976
NZ_CM142192.1, 3458215
NZ_CM142192.1, 1396652
NZ_CM142192.1, 2927683
NZ_CM142192.1, 673367
NZ_CM142192.1, 1324470
NZ_CM142192.1, 2711403
NZ_CM142192.1, 3331824
NZ_CM142192.1, 1760431
NZ_CM142192.1, 3970031
NZ_CM142192.1, 1524803
NZ_CM142192.1, 1534503
NZ_CM142192.1, 2237528
NZ_CM142192.1, 4126164
NZ_CM142192.1, 4858971
NZ_CM142192.1, 4991934
NZ_CM142192.1, 4689326
NZ_CM142192.1, 4239918
NZ_CM142192.1, 4090607
NZ_CM142192.1, 1670653
NZ_CM142192.1, 1839423
NZ_CM142192.1, 2521485
NZ_CM142192.1, 3348825
NZ_CM142192.1, 3928493
NZ_CM142192.1, 542543
NZ_CM142192.1, 2597809
NZ_CM142192.1, 3439311
NZ_CM142192.1, 3483951
NZ_CM142192.1, 3578730
NZ_CM142192.1, 3872853
NZ_CM142192.1, 4625884
NZ_CM142192.1, 562878
NZ_CM142192.1, 615909
NZ_CM142192.1, 914380
NZ_CM142192.1, 1291115
NZ_CM142192.1, 3364709
NZ_CM142192.1, 4527479
NZ_CM142192.1, 4925078
NZ_CM142192.1, 1925110
NZ_CM142192.1, 2677763
NZ_CM142192.1, 2715272
NZ_CM142192.1, 3176428
NZ_CM142192.1, 4389354
NZ_CM142192.1, 937212
NZ_CM142192.1, 1062752
NZ_CM142192.1, 1720514
NZ_CM142192.1, 2454680
NZ_CM142192.1, 3119261
NZ_CM142192.1, 4331540
NZ_CM142192.1, 4417003
NZ_CM142192.1, 4488737
NZ_CM142192.1, 96409
NZ_CM142192.1, 755295
NZ_CM142192.1, 3116292
NZ_CM142192.1, 4665063
NZ_CM142192.1, 297644
NZ_CM142192.1, 305081
NZ_CM142192.1, 469536
NZ_CM142192.1, 643977
NZ_CM142192.1, 801822
NZ_CM142192.1, 886663
NZ_CM142192.1, 926022
NZ_CM142192.1, 1079733
NZ_CM142192.1, 1336361
NZ_CM142192.1, 1472100
NZ_CM142192.1, 1563605
NZ_CM142192.1, 1563981
NZ_CM142192.1, 1602841
NZ_CM142192.1, 1687969
NZ_CM142192.1, 1689543
NZ_CM142192.1, 1713164
NZ_CM142192.1, 1825373
NZ_CM142192.1, 1873931
NZ_CM142192.1, 2121990
NZ_CM142192.1, 2121994
NZ_CM142192.1, 2129700
NZ_CM142192.1, 2145002
NZ_CM142192.1, 2258564
NZ_CM142192.1, 2258580
NZ_CM142192.1, 2348449
NZ_CM142192.1, 2357442
NZ_CM142192.1, 2426678
NZ_CM142192.1, 2521121
NZ_CM142192.1, 2661398
NZ_CM142192.1, 2711342
NZ_CM142192.1, 2769156
NZ_CM142192.1, 2826398
NZ_CM142192.1, 2908043
NZ_CM142192.1, 2937075
NZ_CM142192.1, 2976177
NZ_CM142192.1, 3093592
NZ_CM142192.1, 3110571
NZ_CM142192.1, 3141739
NZ_CM142192.1, 3141783
NZ_CM142192.1, 3149320
NZ_CM142192.1, 3363244
NZ_CM142192.1, 3363252
NZ_CM142192.1, 3364927
NZ_CM142192.1, 3441026
NZ_CM142192.1, 3443997
NZ_CM142192.1, 3749097
NZ_CM142192.1, 3752051
NZ_CM142192.1, 3927049
NZ_CM142192.1, 4216526
NZ_CM142192.1, 4441647
NZ_CM142192.1, 4825321
NZ_CM142192.1, 1442038
NZ_CM142192.1, 1711938
NZ_CM142192.1, 1740991
NZ_CM142192.1, 3161212
NZ_CM142192.1, 86419
NZ_CM142192.1, 513287
NZ_CM142192.1, 804018
NZ_CM142192.1, 804019
NZ_CM142192.1, 1449593
NZ_CM142192.1, 1465240
NZ_CM142192.1, 2144050
NZ_CM142192.1, 2521848
NZ_CM142192.1, 3214996
NZ_CM142192.1, 3927662
NZ_CM142192.1, 4341927
NZ_CM142192.1, 4879745
NZ_CM142192.1, 305677
NZ_CM142192.1, 840273
NZ_CM142192.1, 957648
NZ_CM142192.1, 1062008
NZ_CM142192.1, 1101276
NZ_CM142192.1, 1570090
NZ_CM142192.1, 1629056
NZ_CM142192.1, 1700265
NZ_CM142192.1, 1936792
NZ_CM142192.1, 2126831
NZ_CM142192.1, 2187211
NZ_CM142192.1, 2521539
NZ_CM142192.1, 2658339
NZ_CM142192.1, 2711600
NZ_CM142192.1, 2886874
NZ_CM142192.1, 2921675
NZ_CM142192.1, 3056332
NZ_CM142192.1, 3059482
NZ_CM142192.1, 3142015
NZ_CM142192.1, 3322056
NZ_CM142192.1, 3806156
NZ_CM142192.1, 3835650
NZ_CM142192.1, 3837980
NZ_CM142192.1, 3838115
NZ_CM142192.1, 3838534
NZ_CM142192.1, 3881493
NZ_CM142192.1, 4511841
NZ_CM142192.1, 4747929
NZ_CM142192.1, 4935997
NZ_CM142192.1, 4957780
NZ_CM142192.1, 1236346
NZ_CM142192.1, 1497332
NZ_CM142192.1, 1735640
NZ_CM142192.1, 1824892
NZ_CM142192.1, 2412927
NZ_CM142192.1, 2459101
NZ_CM142192.1, 2909820
NZ_CM142192.1, 3045218
NZ_CM142192.1, 3145946
NZ_CM142192.1, 3284298
NZ_CM142192.1, 3437041
NZ_CM142192.1, 3855475
NZ_CM142192.1, 3993707
NZ_CM142192.1, 1178227
NZ_CM142192.1, 4385557
NZ_CM142192.1, 559180
NZ_CM142192.1, 1760694
NZ_CM142192.1, 1221553
NZ_CM142192.1, 1414360
NZ_CM142192.1, 2038978
NZ_CM142192.1, 2172223
NZ_CM142192.1, 2649688
NZ_CM142192.1, 3507889
NZ_CM142192.1, 598773
NZ_CM142192.1, 2198003
NZ_CM142192.1, 2768449
NZ_CM142192.1, 2768639
NZ_CM142192.1, 2774964
NZ_CM142192.1, 4969184
NZ_CM142192.1, 4983260
NZ_CM142192.1, 4983263
NZ_CM142192.1, 4983264
NZ_CM142192.1, 260955
NZ_CM142192.1, 260959
NZ_CM142192.1, 633865
NZ_CM142192.1, 754026
NZ_CM142192.1, 1419293
NZ_CM142192.1, 1588409
NZ_CM142192.1, 1824946
NZ_CM142192.1, 1836192
NZ_CM142192.1, 1836277
NZ_CM142192.1, 2500845
NZ_CM142192.1, 2658702
NZ_CM142192.1, 3254443
NZ_CM142192.1, 3737908
NZ_CM142192.1, 4239055
NZ_CM142192.1, 4383203
NZ_CM142192.1, 2316426
NZ_CM142192.1, 2624769
NZ_CM142192.1, 336064
NZ_CM142192.1, 345906
NZ_CM142192.1, 588233
NZ_CM142192.1, 1225966
NZ_CM142192.1, 3852547
NZ_CM142192.1, 4286488
NZ_CM142192.1, 4547079
NZ_CM142192.1, 114463
NZ_CM142192.1, 1923896
NZ_CM142192.1, 3696269
NZ_CM142192.1, 4328409
NZ_CM142192.1, 4655721
NZ_CM142192.1, 136089
NZ_CM142192.1, 272922
NZ_CM142192.1, 538501
NZ_CM142192.1, 538643
NZ_CM142192.1, 561097
NZ_CM142192.1, 809341
NZ_CM142192.1, 1940012
NZ_CM142192.1, 2721297
NZ_CM142192.1, 2821648
NZ_CM142192.1, 3151460
NZ_CM142192.1, 3509141
NZ_CM142192.1, 4302043
NZ_CM142192.1, 4781052
NZ_CM142192.1, 561607
NZ_CM142192.1, 562603
NZ_CM142192.1, 1337641
NZ_CM142192.1, 2729463
NZ_CM142192.1, 3320404
NZ_CM142192.1, 3330664
NZ_CM142192.1, 298874
NZ_CM142192.1, 361838
NZ_CM142192.1, 502080
NZ_CM142192.1, 1442081
NZ_CM142192.1, 1600491
NZ_CM142192.1, 2478202
NZ_CM142192.1, 3021632
NZ_CM142192.1, 4233452
NZ_CM142192.1, 1428680
NZ_CM142192.1, 729386
NZ_CM142192.1, 982349
NZ_CM142192.1, 1553054
NZ_CM142192.1, 2183927
NZ_CM142192.1, 3144449
NZ_CM142192.1, 2974313
NZ_CM142192.1, 3888153
NZ_CM142192.1, 4089717
NZ_CM142192.1, 4495916
NZ_CM142192.1, 1062543
NZ_CM142192.1, 3084433
NZ_CM142192.1, 204631
NZ_CM142192.1, 615761
NZ_CM142192.1, 1344533
NZ_CM142192.1, 1444091
NZ_CM142192.1, 1467966
NZ_CM142192.1, 1478625
NZ_CM142192.1, 1495722
NZ_CM142192.1, 1644286
NZ_CM142192.1, 1837766
NZ_CM142192.1, 2038736
NZ_CM142192.1, 2088304
NZ_CM142192.1, 2120008
NZ_CM142192.1, 2365060
NZ_CM142192.1, 2445743
NZ_CM142192.1, 2647062
NZ_CM142192.1, 2755382
NZ_CM142192.1, 2902512
NZ_CM142192.1, 2926328
NZ_CM142192.1, 4179103
NZ_CM142192.1, 4220268
NZ_CM142192.1, 4287430
NZ_CM142192.1, 3291763
NZ_CM142192.1, 3425521
NZ_CM142192.1, 3443914
NZ_CM142192.1, 513347
NZ_CM142192.1, 552125
NZ_CM142192.1, 601521
NZ_CM142192.1, 876557
NZ_CM142192.1, 1002785
NZ_CM142192.1, 1819557
NZ_CM142192.1, 2077410
NZ_CM142192.1, 2665252
NZ_CM142192.1, 3323800
NZ_CM142192.1, 3825333
NZ_CM142192.1, 4330134
NZ_CM142192.1, 4373248
NZ_CM142192.1, 5001517
NZ_CM142192.1, 190819
NZ_CM142192.1, 137930
NZ_CM142192.1, 346696
NZ_CM142192.1, 359524
NZ_CM142192.1, 590395
NZ_CM142192.1, 614354
NZ_CM142192.1, 878742
NZ_CM142192.1, 984721
NZ_CM142192.1, 1007597
NZ_CM142192.1, 1217893
NZ_CM142192.1, 1420726
NZ_CM142192.1, 1425892
NZ_CM142192.1, 1966464
NZ_CM142192.1, 2368357
NZ_CM142192.1, 2411844
NZ_CM142192.1, 2715440
NZ_CM142192.1, 3053259
NZ_CM142192.1, 3150213
NZ_CM142192.1, 3185845
NZ_CM142192.1, 3294572
NZ_CM142192.1, 3449027
NZ_CM142192.1, 3476774
NZ_CM142192.1, 3591460
NZ_CM142192.1, 3847238
NZ_CM142192.1, 3854011
NZ_CM142192.1, 4016690
NZ_CM142192.1, 4107089
NZ_CM142192.1, 4110337
NZ_CM142192.1, 4185130
NZ_CM142192.1, 4374326
NZ_CM142192.1, 4493694
NZ_CM142192.1, 4505122
NZ_CM142192.1, 4973398
NZ_CM142192.1, 459745
NZ_CM142192.1, 762274
NZ_CM142192.1, 2088362
NZ_CM142192.1, 2923454
NZ_CM142192.1, 2043893
NZ_CM142192.1, 2198309
NZ_CM142192.1, 2377527
NZ_CM142192.1, 2460228
NZ_CM142192.1, 2981126
NZ_CM142192.1, 3822450
NZ_CM142192.1, 3986958
NZ_CM142192.1, 4232066
NZ_CM142192.1, 35594
NZ_CM142192.1, 486283
NZ_CM142192.1, 836820
NZ_CM142192.1, 879117
NZ_CM142192.1, 1017024
NZ_CM142192.1, 1393473
NZ_CM142192.1, 1845902
NZ_CM142192.1, 1875590
NZ_CM142192.1, 2232442
NZ_CM142192.1, 2326693
NZ_CM142192.1, 2457537
NZ_CM142192.1, 2522389
NZ_CM142192.1, 3331507
NZ_CM142192.1, 3487037
NZ_CM142192.1, 3692149
NZ_CM142192.1, 3736350
NZ_CM142192.1, 4132143
NZ_CM142192.1, 4234493
NZ_CM142192.1, 4252176
NZ_CM142192.1, 4390015
NZ_CM142192.1, 4677633
NZ_CM142192.1, 5019412
NZ_CM142192.1, 1690569
NZ_CM142192.1, 202198
NZ_CM142192.1, 760919
NZ_CM142192.1, 810411
NZ_CM142192.1, 3371764
NZ_CM142192.1, 583266
NZ_CM142192.1, 1191346
NZ_CM142192.1, 2032359
NZ_CM142192.1, 2824648
NZ_CM142192.1, 3509410
NZ_CM142192.1, 4355389
NZ_CM142192.1, 646076
NZ_CM142192.1, 1535826
NZ_CM142192.1, 4760746
NZ_CM142192.1, 2437079
NZ_CM142192.1, 142032
NZ_CM142192.1, 204864
NZ_CM142192.1, 311638
NZ_CM142192.1, 317782
NZ_CM142192.1, 464007
NZ_CM142192.1, 482442
NZ_CM142192.1, 484689
NZ_CM142192.1, 592440
NZ_CM142192.1, 1074340
NZ_CM142192.1, 1532585
NZ_CM142192.1, 1771129
NZ_CM142192.1, 2254665
NZ_CM142192.1, 2320953
NZ_CM142192.1, 2326536
NZ_CM142192.1, 2647134
NZ_CM142192.1, 2907059
NZ_CM142192.1, 3245406
NZ_CM142192.1, 3430552
NZ_CM142192.1, 3603301
NZ_CM142192.1, 3791135
NZ_CM142192.1, 4359510
NZ_CM142192.1, 4486350
NZ_CM142192.1, 4532438
NZ_CM142192.1, 995849
NZ_CM142192.1, 1034503
NZ_CM142192.1, 2201512
NZ_CM142192.1, 3355645
NZ_CM142192.1, 3371179
NZ_CM142192.1, 3455627
NZ_CM142192.1, 4112958
NZ_CM142192.1, 4598577
NZ_CM142192.1, 5003060
NZ_CM142192.1, 578355
NZ_CM142192.1, 513230
NZ_CM142192.1, 1500603
NZ_CM142192.1, 1565845
NZ_CM142192.1, 1830085
NZ_CM142192.1, 1845631
NZ_CM142192.1, 2048402
NZ_CM142192.1, 2203606
NZ_CM142192.1, 2260013
NZ_CM142192.1, 2511793
NZ_CM142192.1, 2675716
NZ_CM142192.1, 2677630
NZ_CM142192.1, 2775865
NZ_CM142192.1, 3917726
NZ_CM142192.1, 4398941
NZ_CM142192.1, 494533
NZ_CM142192.1, 790949
NZ_CM142192.1, 1015189
NZ_CM142192.1, 1232781
NZ_CM142192.1, 2050257
NZ_CM142192.1, 2122817
NZ_CM142192.1, 2404309
NZ_CM142192.1, 2413297
NZ_CM142192.1, 2436321
NZ_CM142192.1, 3118993
NZ_CM142192.1, 3342660
NZ_CM142192.1, 4092196
NZ_CM142192.1, 4775185
NZ_CM142192.1, 4798778
NZ_CM142192.1, 1928663
NZ_CM142192.1, 2123325
NZ_CM142192.1, 2815094
NZ_CM142192.1, 3875239
NZ_CM142192.1, 337990
NZ_CM142192.1, 795227
NZ_CM142192.1, 957075
NZ_CM142192.1, 1200125
NZ_CM142192.1, 1330714
NZ_CM142192.1, 1428437
NZ_CM142192.1, 1455160
NZ_CM142192.1, 1497148
NZ_CM142192.1, 1651690
NZ_CM142192.1, 1848580
NZ_CM142192.1, 2022912
NZ_CM142192.1, 2142364
NZ_CM142192.1, 2875650
NZ_CM142192.1, 2922902
NZ_CM142192.1, 3048602
NZ_CM142192.1, 3195075
NZ_CM142192.1, 3691454
NZ_CM142192.1, 3750204
NZ_CM142192.1, 3869484
NZ_CM142192.1, 4289707
NZ_CM142192.1, 4442500
NZ_CM142192.1, 4490346
NZ_CM142192.1, 4493055
NZ_CM142192.1, 4732519
NZ_CM142192.1, 4879322
NZ_CM142192.1, 4882162
NZ_CM142192.1, 165978
NZ_CM142192.1, 1925809
NZ_CM142192.1, 2978055
NZ_CM142192.1, 3762729
NZ_CM142192.1, 3814130
NZ_CM142192.1, 4441637
NZ_CM142192.1, 4977147
NZ_CM142192.1, 291273
NZ_CM142192.1, 3145529
NZ_CM142192.1, 3768910
NZ_CM142192.1, 4755275
NZ_CM142192.1, 4112668
NZ_CM142192.1, 724514
NZ_CM142192.1, 766747
NZ_CM142192.1, 1590530
NZ_CM142192.1, 2173171
NZ_CM142192.1, 2334710
NZ_CM142192.1, 3773864
NZ_CM142192.1, 3988206
NZ_CM142192.1, 4239749
NZ_CM142192.1, 4531149
NZ_CM142192.1, 477600
NZ_CM142192.1, 517446
NZ_CM142192.1, 846676
NZ_CM142192.1, 1208880
NZ_CM142192.1, 1231449
NZ_CM142192.1, 1231457
NZ_CM142192.1, 1543924
NZ_CM142192.1, 1543928
NZ_CM142192.1, 1573790
NZ_CM142192.1, 1573794
NZ_CM142192.1, 1573795
NZ_CM142192.1, 1631820
NZ_CM142192.1, 1667730
NZ_CM142192.1, 1731645
NZ_CM142192.1, 1775970
NZ_CM142192.1, 1775971
NZ_CM142192.1, 1827764
NZ_CM142192.1, 1892757
NZ_CM142192.1, 1892773
NZ_CM142192.1, 1933349
NZ_CM142192.1, 1933356
NZ_CM142192.1, 2135510
NZ_CM142192.1, 2414957
NZ_CM142192.1, 2414962
NZ_CM142192.1, 2428416
NZ_CM142192.1, 2428420
NZ_CM142192.1, 2906187
NZ_CM142192.1, 2906194
NZ_CM142192.1, 2906215
NZ_CM142192.1, 2910436
NZ_CM142192.1, 2910437
NZ_CM142192.1, 2910441
NZ_CM142192.1, 3736829
NZ_CM142192.1, 4283767
NZ_CM142192.1, 4520176
NZ_CM142192.1, 4520179
NZ_CM142192.1, 4859099
NZ_CM142192.1, 4885496
NZ_CM142192.1, 4963443
NZ_CM142192.1, 860594
NZ_CM142192.1, 3215899
NZ_CM142192.1, 539974
NZ_CM142192.1, 2038937
NZ_CM142192.1, 2539783
NZ_CM142192.1, 2889826
NZ_CM142192.1, 3197067
NZ_CM142192.1, 1552329
NZ_CM142192.1, 3473944
NZ_CM142192.1, 546920
NZ_CM142192.1, 1091315
NZ_CM142192.1, 1478973
NZ_CM142192.1, 1594429
NZ_CM142192.1, 1827406
NZ_CM142192.1, 1868595
NZ_CM142192.1, 2193859
NZ_CM142192.1, 2496442
NZ_CM142192.1, 3051521
NZ_CM142192.1, 3371908
NZ_CM142192.1, 4606026
NZ_CM142192.1, 443843
NZ_CM142192.1, 531795
NZ_CM142192.1, 538642
NZ_CM142192.1, 667744
NZ_CM142192.1, 1398594
NZ_CM142192.1, 2207656
NZ_CM142192.1, 40576
NZ_CM142192.1, 143011
NZ_CM142192.1, 467874
NZ_CM142192.1, 1378144
NZ_CM142192.1, 1862469
NZ_CM142192.1, 2250382
NZ_CM142192.1, 2593653
NZ_CM142192.1, 2918402
NZ_CM142192.1, 3155967
NZ_CM142192.1, 4732051
NZ_CM142192.1, 506352
NZ_CM142192.1, 952472
NZ_CM142192.1, 1816867
NZ_CM142192.1, 4628609
NZ_CM142192.1, 60287
NZ_CM142192.1, 4349077
NZ_CM142192.1, 4926438
NZ_CM142192.1, 3015096
NZ_CM142192.1, 446371
NZ_CM142192.1, 514875
NZ_CM142192.1, 839839
NZ_CM142192.1, 1226060
NZ_CM142192.1, 1501397
NZ_CM142192.1, 2448196
NZ_CM142192.1, 2934474
NZ_CM142192.1, 3820110
NZ_CM142192.1, 3853981
NZ_CM142192.1, 4527119
NZ_CM142192.1, 5032362
NZ_CM142192.1, 2627303
NZ_CM142192.1, 2794479
NZ_CM142192.1, 1589851
NZ_CM142192.1, 2200382
NZ_CM142192.1, 2272171
NZ_CM142192.1, 2523068
NZ_CM142192.1, 4216496
NZ_CM142192.1, 2937870
NZ_CM142192.1, 4215109
NZ_CM142192.1, 4524081
NZ_CM142192.1, 4792440
NZ_CM142192.1, 4867120
NZ_CM142192.1, 1457734
NZ_CM142192.1, 5003668
NZ_CM142192.1, 573732
NZ_CM142192.1, 807694
NZ_CM142192.1, 2038634
NZ_CM142192.1, 3207116
NZ_CM142192.1, 4256217
NZ_CM142192.1, 4655826
NZ_CM142192.1, 1215569
NZ_CM142192.1, 1517338
NZ_CM142192.1, 1558339
NZ_CM142192.1, 1609915
NZ_CM142192.1, 2447677
NZ_CM142192.1, 3479592
NZ_CM142192.1, 625920
NZ_CM142192.1, 1062471
NZ_CM142192.1, 1074287
NZ_CM142192.1, 1351842
NZ_CM142192.1, 1457883
NZ_CM142192.1, 2172292
NZ_CM142192.1, 3468900
NZ_CM142192.1, 3691730
NZ_CM142192.1, 3958578
NZ_CM142192.1, 4753525
NZ_CM142192.1, 4886517
NZ_CM142192.1, 505037
NZ_CM142192.1, 756076
NZ_CM142192.1, 757796
NZ_CM142192.1, 911840
NZ_CM142192.1, 1478332
NZ_CM142192.1, 1523552
NZ_CM142192.1, 1590394
NZ_CM142192.1, 2377778
NZ_CM142192.1, 2995882
NZ_CM142192.1, 3208666
NZ_CM142192.1, 1669839
NZ_CM142192.1, 2620049
NZ_CM142192.1, 3007670
NZ_CM142192.1, 2268898
NZ_CM142192.1, 4176608
NZ_CM142192.1, 671812
NZ_CM142192.1, 3780587
NZ_CM142192.1, 3983150
NZ_CM142192.1, 3983161
NZ_CM142192.1, 2547472
NZ_CM142192.1, 3019135
NZ_CM142192.1, 4588503
NZ_CM142192.1, 1575282
NZ_CM142192.1, 4132456
NZ_CM142192.1, 4589650
NZ_CM142192.1, 4652917
NZ_CM142192.1, 2932686
NZ_CM142192.1, 3363354
NZ_CM142192.1, 4129568
NZ_CM142192.1, 4480927
NZ_CM142192.1, 459596
NZ_CM142192.1, 1729518
NZ_CM142192.1, 1928782
NZ_CM142192.1, 2607591
NZ_CM142192.1, 3183089
NZ_CM142192.1, 87818
NZ_CM142192.1, 937511
NZ_CM142192.1, 1628315
NZ_CM142192.1, 2501958
NZ_CM142192.1, 2507823
NZ_CM142192.1, 2524238
NZ_CM142192.1, 2908098
NZ_CM142192.1, 3252187
NZ_CM142192.1, 3977335
NZ_CM142192.1, 4655132
NZ_CM142192.1, 2794515
NZ_CM142192.1, 1825494
NZ_CM142192.1, 1825572
NZ_CM142192.1, 3041208
NZ_CM142192.1, 4114979
NZ_CM142192.1, 491249
NZ_CM142192.1, 516775
NZ_CM142192.1, 727148
NZ_CM142192.1, 935387
NZ_CM142192.1, 1220111
NZ_CM142192.1, 1925027
NZ_CM142192.1, 2271877
NZ_CM142192.1, 3691810
NZ_CM142192.1, 4627605
NZ_CM142192.1, 646316
NZ_CM142192.1, 803573
NZ_CM142192.1, 1064467
NZ_CM142192.1, 1467959
NZ_CM142192.1, 1492173
NZ_CM142192.1, 1544279
NZ_CM142192.1, 1690156
NZ_CM142192.1, 1695656
NZ_CM142192.1, 1811311
NZ_CM142192.1, 2043438
NZ_CM142192.1, 2110243
NZ_CM142192.1, 2111432
NZ_CM142192.1, 2131153
NZ_CM142192.1, 2143752
NZ_CM142192.1, 2180971
NZ_CM142192.1, 2247094
NZ_CM142192.1, 2500282
NZ_CM142192.1, 2585665
NZ_CM142192.1, 2701127
NZ_CM142192.1, 2827804
NZ_CM142192.1, 2827920
NZ_CM142192.1, 2940248
NZ_CM142192.1, 3420093
NZ_CM142192.1, 3600115
NZ_CM142192.1, 3691649
NZ_CM142192.1, 4064196
NZ_CM142192.1, 4064278
NZ_CM142192.1, 4480687
NZ_CM142192.1, 4537446
NZ_CM142192.1, 4652711
NZ_CM142192.1, 4652716
NZ_CM142192.1, 4751594
NZ_CM142192.1, 4571362
NZ_CM142192.1, 2666254
NZ_CM142192.1, 910050
NZ_CM142192.1, 2202431
NZ_CM142192.1, 955501
NZ_CM142192.1, 1481693
NZ_CM142192.1, 1618169
NZ_CM142192.1, 2522376
NZ_CM142192.1, 2522377
NZ_CM142192.1, 3040715
NZ_CM142192.1, 4236984
NZ_CM142192.1, 187682
NZ_CM142192.1, 1928675
NZ_CM142192.1, 3170500
NZ_CM142192.1, 4968165
NZ_CM142192.1, 2793585
NZ_CM142192.1, 3831831
NZ_CM142192.1, 309627
NZ_CM142192.1, 2629132
NZ_CM142192.1, 1221573
NZ_CM142192.1, 2078520
NZ_CM142192.1, 2725101
NZ_CM142192.1, 299209
NZ_CM142192.1, 317020
NZ_CM142192.1, 501147
NZ_CM142192.1, 640214
NZ_CM142192.1, 2448865
NZ_CM142192.1, 2590055
NZ_CM142192.1, 2827884
NZ_CM142192.1, 2873170
NZ_CM142192.1, 3258983
NZ_CM142192.1, 4060693
NZ_CM142192.1, 4638066
NZ_CM142192.1, 5030365
NZ_CM142192.1, 935629
NZ_CM142192.1, 2973295
NZ_CM142192.1, 3908261
NZ_CM142192.1, 4113535
NZ_CM142192.1, 4343643
NZ_CM142192.1, 2693464
NZ_CM142192.1, 3170076
NZ_CM142192.1, 4072733
NZ_CM142192.1, 4077299
NZ_CM142192.1, 4539357
NZ_CM142192.1, 2622701
NZ_CM142192.1, 2100943
NZ_CM142192.1, 28526
NZ_CM142192.1, 4480629
NZ_CM142192.1, 1630385
NZ_CM142192.1, 4091791
NZ_CM142192.1, 1036268
NZ_CM142192.1, 1217007
NZ_CM142192.1, 1403123
NZ_CM142192.1, 1815939
NZ_CM142192.1, 2062512
NZ_CM142192.1, 3254495
NZ_CM142192.1, 4044542
NZ_CM142192.1, 582617
NZ_CM142192.1, 3507792
NZ_CM142192.1, 3879022
NZ_CM142192.1, 3883799
NZ_CM142192.1, 4588533
NZ_CM142192.1, 316954
NZ_CM142192.1, 3858897
NZ_CM142192.1, 3858918
NZ_CM142192.1, 4066954
NZ_CM142192.1, 4229310
NZ_CM142192.1, 4729951
NZ_CM142192.1, 4748650
NZ_CM142192.1, 4616098
NZ_CM142192.1, 4878226
NZ_CM142192.1, 287493
NZ_CM142192.1, 888689
NZ_CM142192.1, 997962
NZ_CM142192.1, 1411999
NZ_CM142192.1, 2118270
NZ_CM142192.1, 3599946
NZ_CM142192.1, 4009213
NZ_CM142192.1, 4131474
NZ_CM142192.1, 4267204
NZ_CM142192.1, 4886714
NZ_CM142192.1, 464336
NZ_CM142192.1, 1077982
NZ_CM142192.1, 2357116
NZ_CM142192.1, 3001713
NZ_CM142192.1, 3001724
NZ_CM142192.1, 961107
NZ_CM142192.1, 2272282
NZ_CM142192.1, 3425350
NZ_CM142192.1, 971009
NZ_CM142192.1, 2096014
NZ_CM142192.1, 2505660
NZ_CM142192.1, 2626764
NZ_CM142192.1, 3388655
NZ_CM142192.1, 3877241
NZ_CM142192.1, 4122194
NZ_CM142192.1, 4340435
NZ_CM142192.1, 546724
NZ_CM142192.1, 817200
NZ_CM142192.1, 1310960
NZ_CM142192.1, 3052148
NZ_CM142192.1, 3253361
NZ_CM142192.1, 3845486
NZ_CM142192.1, 3882658
NZ_CM142192.1, 4613696
NZ_CM142192.1, 3320211
NZ_CM142192.1, 146856
NZ_CM142192.1, 318232
NZ_CM142192.1, 860821
NZ_CM142192.1, 872600
NZ_CM142192.1, 3214027
NZ_CM142192.1, 3451994
NZ_CM142192.1, 4136175
NZ_CM142192.1, 4477851
NZ_CM142192.1, 4882922
NZ_CM142192.1, 2513300
NZ_CM142192.1, 2766088
NZ_CM142192.1, 1603413
NZ_CM142192.1, 2550356
NZ_CM142192.1, 4142475
NZ_CM142192.1, 4369509
NZ_CM142192.1, 4802459
NZ_CM142192.1, 3984122
NZ_CM142192.1, 2027027
NZ_CM142192.1, 2027146
NZ_CM142192.1, 953219
NZ_CM142192.1, 2973566
NZ_CM142192.1, 5035216
NZ_CM142192.1, 323704
NZ_CM142192.1, 857048
NZ_CM142192.1, 1092661
NZ_CM142192.1, 1618003
NZ_CM142192.1, 1736677
NZ_CM142192.1, 1750472
NZ_CM142192.1, 2768323
NZ_CM142192.1, 3467691
NZ_CM142192.1, 3799064
NZ_CM142192.1, 3831261
NZ_CM142192.1, 4027567
NZ_CM142192.1, 4219756
NZ_CM142192.1, 4341306
NZ_CM142192.1, 4879921
NZ_CM142192.1, 796343
NZ_CM142192.1, 2769275
NZ_CM142192.1, 309147
NZ_CM142192.1, 493715
NZ_CM142192.1, 861947
NZ_CM142192.1, 1453789
NZ_CM142192.1, 1568687
NZ_CM142192.1, 1743143
NZ_CM142192.1, 1814475
NZ_CM142192.1, 2307664
NZ_CM142192.1, 2327364
NZ_CM142192.1, 2370826
NZ_CM142192.1, 2509661
NZ_CM142192.1, 2676308
NZ_CM142192.1, 2873999
NZ_CM142192.1, 2936712
NZ_CM142192.1, 3377012
NZ_CM142192.1, 3922769
NZ_CM142192.1, 4615199
NZ_CM142192.1, 4794169
NZ_CM142192.1, 4975524
NZ_CM142192.1, 2793596
NZ_CM142192.1, 344850
NZ_CM142192.1, 1575354
NZ_CM142192.1, 1838435
NZ_CM142192.1, 2376021
NZ_CM142192.1, 3332973
NZ_CM142192.1, 3694699
NZ_CM142192.1, 3999249
NZ_CM142192.1, 4019473
NZ_CM142192.1, 4868396
NZ_CM142192.1, 779573
NZ_CM142192.1, 995459
NZ_CM142192.1, 1332432
NZ_CM142192.1, 2214936
NZ_CM142192.1, 2461488
NZ_CM142192.1, 2619314
NZ_CM142192.1, 2680224
NZ_CM142192.1, 3273865
NZ_CM142192.1, 4214073
NZ_CM142192.1, 4627236
NZ_CM142192.1, 4780750
NZ_CM142192.1, 336001
NZ_CM142192.1, 1777448
NZ_CM142192.1, 1876603
NZ_CM142192.1, 3912881
NZ_CM142192.1, 4111637
NZ_CM142192.1, 4139236
NZ_CM142192.1, 4428811
NZ_CM142192.1, 38478
NZ_CM142192.1, 729452
NZ_CM142192.1, 1528196
NZ_CM142192.1, 2471295
NZ_CM142192.1, 3099204
NZ_CM142192.1, 3180380
NZ_CM142192.1, 3776760
NZ_CM142192.1, 751265
NZ_CM142192.1, 2587519
NZ_CM142192.1, 2629106
NZ_CM142192.1, 2988808
NZ_CM142192.1, 3017422
NZ_CM142192.1, 3164819
NZ_CM142192.1, 2133513
NZ_CM142192.1, 3209110
NZ_CM142192.1, 2132375
NZ_CM142192.1, 2233046
NZ_CM142192.1, 2709907
NZ_CM142192.1, 506169
NZ_CM142192.1, 717864
NZ_CM142192.1, 1016111
NZ_CM142192.1, 1229257
NZ_CM142192.1, 1327632
NZ_CM142192.1, 1457776
NZ_CM142192.1, 1827016
NZ_CM142192.1, 2012620
NZ_CM142192.1, 2064971
NZ_CM142192.1, 3264046
NZ_CM142192.1, 3806068
NZ_CM142192.1, 3872234
NZ_CM142192.1, 4014780
NZ_CM142192.1, 4066487
NZ_CM142192.1, 4976229
NZ_CM142192.1, 1387422
NZ_CM142192.1, 3249590
NZ_CM142192.1, 960028
NZ_CM142192.1, 1601305
NZ_CM142192.1, 1759650
NZ_CM142192.1, 1763633
NZ_CM142192.1, 2545323
NZ_CM142192.1, 3420863
NZ_CM142192.1, 4642919
NZ_CM142192.1, 43038
NZ_CM142192.1, 646345
NZ_CM142192.1, 831048
NZ_CM142192.1, 2205771
NZ_CM142192.1, 2328937
NZ_CM142192.1, 2416357
NZ_CM142192.1, 3505834
NZ_CM142192.1, 3778107
NZ_CM142192.1, 3959389
NZ_CM142192.1, 4416756
NZ_CM142192.1, 490670
NZ_CM142192.1, 1762911
NZ_CM142192.1, 1804609
NZ_CM142192.1, 1847421
NZ_CM142192.1, 666496
NZ_CM142192.1, 1576827
NZ_CM142192.1, 1607592
NZ_CM142192.1, 2339577
NZ_CM142192.1, 2487447
NZ_CM142192.1, 2520906
NZ_CM142192.1, 2929777
NZ_CM142192.1, 3270970
NZ_CM142192.1, 3288750
NZ_CM142192.1, 4284677
NZ_CM142192.1, 4379632
NZ_CM142192.1, 4379999
NZ_CM142192.1, 4932531
NZ_CM142192.1, 4971681
NZ_CM142192.1, 5012003
NZ_CM142192.1, 307505
NZ_CM142192.1, 1935471
NZ_CM142192.1, 1402932
NZ_CM142192.1, 1402938
NZ_CM142192.1, 3192680
NZ_CM142192.1, 4399519
NZ_CM142192.1, 4411667
NZ_CM142192.1, 1753933
NZ_CM142192.1, 2030738
NZ_CM142192.1, 2884662
NZ_CM142192.1, 3000353
NZ_CM142192.1, 3849095
NZ_CM142192.1, 501763
NZ_CM142192.1, 1944638
NZ_CM142192.1, 2672347
NZ_CM142192.1, 2988769
NZ_CM142192.1, 2988778
NZ_CM142192.1, 3328115
NZ_CM142192.1, 267414
NZ_CM142192.1, 329538
NZ_CM142192.1, 454715
NZ_CM142192.1, 948067
NZ_CM142192.1, 967955
NZ_CM142192.1, 1017735
NZ_CM142192.1, 1432280
NZ_CM142192.1, 1767328
NZ_CM142192.1, 2352571
NZ_CM142192.1, 4688962
NZ_CM142192.1, 5025663
NZ_CM142192.1, 2276181
NZ_CM142192.1, 2925362
NZ_CM142192.1, 4004844
NZ_CM142192.1, 4489570
NZ_CM142192.1, 5055196
NZ_CM142192.1, 1553645
NZ_CM142192.1, 2973873
NZ_CM142192.1, 890757
NZ_CM142192.1, 945636
NZ_CM142192.1, 3452485
NZ_CM142192.1, 4628907
NZ_CM142192.1, 319389
NZ_CM142192.1, 502990
NZ_CM142192.1, 526929
NZ_CM142192.1, 751009
NZ_CM142192.1, 971965
NZ_CM142192.1, 1185349
NZ_CM142192.1, 1444488
NZ_CM142192.1, 2433802
NZ_CM142192.1, 2668830
NZ_CM142192.1, 3292813
NZ_CM142192.1, 3933106
NZ_CM142192.1, 4231687
NZ_CM142192.1, 4701536
NZ_CM142192.1, 4989539
NZ_CM142192.1, 3163648
NZ_CM142192.1, 1523053
NZ_CM142192.1, 2050244
NZ_CM142192.1, 2050245
NZ_CM142192.1, 2050254
NZ_CM142192.1, 1945687
NZ_CM142192.1, 1948147
NZ_CM142192.1, 3121762
NZ_CM142192.1, 4345105
NZ_CM142192.1, 45989
NZ_CM142192.1, 349767
NZ_CM142192.1, 585435
NZ_CM142192.1, 605547
NZ_CM142192.1, 716141
NZ_CM142192.1, 910074
NZ_CM142192.1, 939837
NZ_CM142192.1, 1226356
NZ_CM142192.1, 1310773
NZ_CM142192.1, 1413292
NZ_CM142192.1, 1435934
NZ_CM142192.1, 1475701
NZ_CM142192.1, 1508568
NZ_CM142192.1, 1693172
NZ_CM142192.1, 2032225
NZ_CM142192.1, 2044433
NZ_CM142192.1, 2443660
NZ_CM142192.1, 2448634
NZ_CM142192.1, 2458856
NZ_CM142192.1, 2501067
NZ_CM142192.1, 2654785
NZ_CM142192.1, 2656613
NZ_CM142192.1, 2921738
NZ_CM142192.1, 3073963
NZ_CM142192.1, 3493574
NZ_CM142192.1, 3576221
NZ_CM142192.1, 4349944
NZ_CM142192.1, 4527961
NZ_CM142192.1, 4535429
NZ_CM142192.1, 4798748
NZ_CM142192.1, 961017
NZ_CM142192.1, 1563765
NZ_CM142192.1, 3054143
NZ_CM142192.1, 654200
NZ_CM142192.1, 3396688
NZ_CM142192.1, 5024791
NZ_CM142192.1, 203373
NZ_CM142192.1, 732948
NZ_CM142192.1, 1062321
NZ_CM142192.1, 1482456
NZ_CM142192.1, 3291040
NZ_CM142192.1, 3433151
NZ_CM142192.1, 3504071
NZ_CM142192.1, 3821752
NZ_CM142192.1, 4143475
NZ_CM142192.1, 4449027
NZ_CM142192.1, 4490687
NZ_CM142192.1, 4492897
NZ_CM142192.1, 5002709
NZ_CM142192.1, 611050
NZ_CM142192.1, 659670
NZ_CM142192.1, 807656
NZ_CM142192.1, 913912
NZ_CM142192.1, 1215968
NZ_CM142192.1, 1290063
NZ_CM142192.1, 1541748
NZ_CM142192.1, 1547433
NZ_CM142192.1, 1724252
NZ_CM142192.1, 2324693
NZ_CM142192.1, 2536497
NZ_CM142192.1, 2727484
NZ_CM142192.1, 3378133
NZ_CM142192.1, 3389414
NZ_CM142192.1, 3597065
NZ_CM142192.1, 4290806
NZ_CM142192.1, 4298913
NZ_CM142192.1, 158154
NZ_CM142192.1, 525693
NZ_CM142192.1, 956882
NZ_CM142192.1, 1217890
NZ_CM142192.1, 1432209
NZ_CM142192.1, 1894289
NZ_CM142192.1, 2202612
NZ_CM142192.1, 4086398
NZ_CM142192.1, 4380268
NZ_CM142192.1, 4829610
NZ_CM142192.1, 287718
NZ_CM142192.1, 281604
NZ_CM142192.1, 1086700
NZ_CM142192.1, 1464952
NZ_CM142192.1, 1742159
NZ_CM142192.1, 157341
NZ_CM142192.1, 847572
NZ_CM142192.1, 1068202
NZ_CM142192.1, 3334197
NZ_CM142192.1, 4121528
NZ_CM142192.1, 4215060
NZ_CM142192.1, 4462527
NZ_CM142192.1, 289318
NZ_CM142192.1, 620309
NZ_CM142192.1, 860180
NZ_CM142192.1, 1233693
NZ_CM142192.1, 1838608
NZ_CM142192.1, 1864939
NZ_CM142192.1, 1874271
NZ_CM142192.1, 2473284
NZ_CM142192.1, 2628786
NZ_CM142192.1, 2826261
NZ_CM142192.1, 3271359
NZ_CM142192.1, 3332730
NZ_CM142192.1, 4490844
NZ_CM142192.1, 4604189
NZ_CM142192.1, 4652552
NZ_CM142192.1, 3777342
NZ_CM142192.1, 1100999
NZ_CM142192.1, 1487076
NZ_CM142192.1, 1841583
NZ_CM142192.1, 2506268
NZ_CM142192.1, 3770424
NZ_CM142192.1, 3853935
NZ_CM142192.1, 3853955
NZ_CM142192.1, 4877936
NZ_CM142192.1, 127985
NZ_CM142192.1, 1003337
NZ_CM142192.1, 1205992
NZ_CM142192.1, 1224440
NZ_CM142192.1, 1226502
NZ_CM142192.1, 1826311
NZ_CM142192.1, 1895483
NZ_CM142192.1, 3263420
NZ_CM142192.1, 3271447
NZ_CM142192.1, 4059888
NZ_CM142192.1, 4858781
NZ_CM142192.1, 4010624
NZ_CM142192.1, 4754147
NZ_CM142192.1, 4885122
NZ_CM142192.1, 349344
NZ_CM142192.1, 3427559
NZ_CM142192.1, 2749502
NZ_CM142192.1, 4237844
NZ_CM142192.1, 43636
NZ_CM142192.1, 338599
NZ_CM142192.1, 2437648
NZ_CM142192.1, 2567278
NZ_CM142192.1, 2891428
NZ_CM142192.1, 3288097
NZ_CM142192.1, 4417773
NZ_CM142192.1, 4883585
NZ_CM142192.1, 4884715
NZ_CM142192.1, 4949710
NZ_CM142192.1, 73773
NZ_CM142192.1, 538941
NZ_CM142192.1, 555727
NZ_CM142192.1, 569227
NZ_CM142192.1, 652986
NZ_CM142192.1, 709390
NZ_CM142192.1, 938071
NZ_CM142192.1, 995334
NZ_CM142192.1, 1032717
NZ_CM142192.1, 1201723
NZ_CM142192.1, 1204895
NZ_CM142192.1, 1432022
NZ_CM142192.1, 1647190
NZ_CM142192.1, 1758307
NZ_CM142192.1, 1888818
NZ_CM142192.1, 2231767
NZ_CM142192.1, 2233623
NZ_CM142192.1, 2266240
NZ_CM142192.1, 2320529
NZ_CM142192.1, 2325844
NZ_CM142192.1, 2667496
NZ_CM142192.1, 2896250
NZ_CM142192.1, 2917176
NZ_CM142192.1, 3078747
NZ_CM142192.1, 3232782
NZ_CM142192.1, 3254715
NZ_CM142192.1, 3264900
NZ_CM142192.1, 3900719
NZ_CM142192.1, 4071173
NZ_CM142192.1, 4074495
NZ_CM142192.1, 4359347
NZ_CM142192.1, 4391876
NZ_CM142192.1, 4533253
NZ_CM142192.1, 4727730
NZ_CM142192.1, 4984057
NZ_CM142192.1, 938032
NZ_CM142192.1, 2179472
NZ_CM142192.1, 2515478
NZ_CM142192.1, 3161864
NZ_CM142192.1, 4077504
NZ_CM142192.1, 4239879
NZ_CM142192.1, 2872094
NZ_CM142192.1, 2993597
NZ_CM142192.1, 3172283
NZ_CM142192.1, 3172303
NZ_CM142192.1, 4678181
NZ_CM142192.1, 2214191
NZ_CM142192.1, 3691635
NZ_CM142192.1, 3935035
NZ_CM142192.1, 4132281
NZ_CM142192.1, 989077
NZ_CM142192.1, 1017096
NZ_CM142192.1, 1077888
NZ_CM142192.1, 1177227
NZ_CM142192.1, 1279706
NZ_CM142192.1, 1495371
NZ_CM142192.1, 1564700
NZ_CM142192.1, 1701558
NZ_CM142192.1, 2312699
NZ_CM142192.1, 2477764
NZ_CM142192.1, 2675279
NZ_CM142192.1, 3047735
NZ_CM142192.1, 3066793
NZ_CM142192.1, 3145126
NZ_CM142192.1, 3365458
NZ_CM142192.1, 3510067
NZ_CM142192.1, 3887535
NZ_CM142192.1, 3977545
NZ_CM142192.1, 4218477
NZ_CM142192.1, 4226580
NZ_CM142192.1, 4227188
NZ_CM142192.1, 4784867
NZ_CM142192.1, 5005158
NZ_CM142192.1, 1634999
NZ_CM142192.1, 1731944
NZ_CM142192.1, 574166
NZ_CM142192.1, 811037
NZ_CM142192.1, 1474406
NZ_CM142192.1, 1488064
NZ_CM142192.1, 1760367
NZ_CM142192.1, 1826543
NZ_CM142192.1, 2195017
NZ_CM142192.1, 4251003
NZ_CM142192.1, 4530294
NZ_CM142192.1, 596649
NZ_CM142192.1, 2037941
NZ_CM142192.1, 3685792
NZ_CM142192.1, 3899096
NZ_CM142192.1, 4248649
NZ_CM142192.1, 766301
NZ_CM142192.1, 2363302
NZ_CM142192.1, 2416874
NZ_CM142192.1, 3501531
NZ_CM142192.1, 3823926
NZ_CM142192.1, 4093868
NZ_CM142192.1, 4094506
NZ_CM142192.1, 2622797
NZ_CM142192.1, 4125070
NZ_CM142192.1, 4685750
NZ_CM142192.1, 193808
NZ_CM142192.1, 721337
NZ_CM142192.1, 1077670
NZ_CM142192.1, 1943186
NZ_CM142192.1, 2697918
NZ_CM142192.1, 2697943
NZ_CM142192.1, 3494349
NZ_CM142192.1, 3852555
NZ_CM142192.1, 4048517
NZ_CM142192.1, 4088650
NZ_CM142192.1, 4460509
NZ_CM142192.1, 2091207
NZ_CM142192.1, 2204535
NZ_CM142192.1, 2332360
NZ_CM142192.1, 3199397
NZ_CM142192.1, 3273181
NZ_CM142192.1, 3744029
NZ_CM142192.1, 4452251
NZ_CM142192.1, 4591681
NZ_CM142192.1, 831152
NZ_CM142192.1, 1350177
NZ_CM142192.1, 2881172
NZ_CM142192.1, 554324
NZ_CM142192.1, 1879149
NZ_CM142192.1, 2230960
NZ_CM142192.1, 4451954
NZ_CM142192.1, 808043
NZ_CM142192.1, 903056
NZ_CM142192.1, 925189
NZ_CM142192.1, 1190629
NZ_CM142192.1, 1602039
NZ_CM142192.1, 1721954
NZ_CM142192.1, 2762649
NZ_CM142192.1, 3146906
NZ_CM142192.1, 3193262
NZ_CM142192.1, 3218779
NZ_CM142192.1, 3279424
NZ_CM142192.1, 3482539
NZ_CM142192.1, 3835808
NZ_CM142192.1, 4063131
NZ_CM142192.1, 4498533
NZ_CM142192.1, 4616652
NZ_CM142192.1, 63921
NZ_CM142192.1, 467625
NZ_CM142192.1, 2404764
NZ_CM142192.1, 2419996
NZ_CM142192.1, 3233670
NZ_CM142192.1, 3600201
NZ_CM142192.1, 3602621
NZ_CM142192.1, 3997948
NZ_CM142192.1, 4091064
NZ_CM142192.1, 4294151
NZ_CM142192.1, 4619783
NZ_CM142192.1, 4829778
NZ_CM142192.1, 4388006
NZ_CM142192.1, 112845
NZ_CM142192.1, 199130
NZ_CM142192.1, 831259
NZ_CM142192.1, 877282
NZ_CM142192.1, 1604786
NZ_CM142192.1, 2503694
NZ_CM142192.1, 2596915
NZ_CM142192.1, 3201634
NZ_CM142192.1, 3392980
NZ_CM142192.1, 3738161
NZ_CM142192.1, 4137181
NZ_CM142192.1, 4657909
NZ_CM142192.1, 552314
NZ_CM142192.1, 2571416
NZ_CM142192.1, 2571425
NZ_CM142192.1, 3774240
NZ_CM142192.1, 4387113
NZ_CM142192.1, 4509997
NZ_CM142192.1, 3141381
NZ_CM142192.1, 3473778
NZ_CM142192.1, 4668287
NZ_CM142192.1, 735934
NZ_CM142192.1, 2741556
NZ_CM142192.1, 1546200
NZ_CM142192.1, 2378116
NZ_CM142192.1, 3176263
NZ_CM142192.1, 3744268
NZ_CM142192.1, 339088
NZ_CM142192.1, 498522
NZ_CM142192.1, 516780
NZ_CM142192.1, 552976
NZ_CM142192.1, 1711563
NZ_CM142192.1, 1761791
NZ_CM142192.1, 1821581
NZ_CM142192.1, 2068591
NZ_CM142192.1, 2082029
NZ_CM142192.1, 2213357
NZ_CM142192.1, 2574495
NZ_CM142192.1, 2894816
NZ_CM142192.1, 3042431
NZ_CM142192.1, 3109775
NZ_CM142192.1, 3110125
NZ_CM142192.1, 3115540
NZ_CM142192.1, 3327512
NZ_CM142192.1, 3690480
NZ_CM142192.1, 4005129
NZ_CM142192.1, 4829333
NZ_CM142192.1, 1453256
NZ_CM142192.1, 1453267
NZ_CM142192.1, 1453271
NZ_CM142192.1, 120036
NZ_CM142192.1, 120037
NZ_CM142192.1, 458331
NZ_CM142192.1, 1569580
NZ_CM142192.1, 1697995
NZ_CM142192.1, 3102593
NZ_CM142192.1, 3358895
NZ_CM142192.1, 4185310
NZ_CM142192.1, 4510942
NZ_CM142192.1, 4530662
NZ_CM142192.1, 4603674
NZ_CM142192.1, 4743698
NZ_CM142192.1, 4967657
NZ_CM142192.1, 666905
NZ_CM142192.1, 1205490
NZ_CM142192.1, 2050238
NZ_CM142192.1, 2125631
NZ_CM142192.1, 2125639
NZ_CM142192.1, 494061
NZ_CM142192.1, 1315602
NZ_CM142192.1, 2337451
NZ_CM142192.1, 295540
NZ_CM142192.1, 773818
NZ_CM142192.1, 3806084
NZ_CM142192.1, 2079716
NZ_CM142192.1, 745660
NZ_CM142192.1, 1432371
NZ_CM142192.1, 2189833
NZ_CM142192.1, 2988804
NZ_CM142192.1, 191503
NZ_CM142192.1, 583822
NZ_CM142192.1, 1352551
NZ_CM142192.1, 2662776
NZ_CM142192.1, 3048285
NZ_CM142192.1, 4788186
NZ_CM142192.1, 747564
NZ_CM142192.1, 4045271
NZ_CM142192.1, 4930049
NZ_CM142192.1, 910054
NZ_CM142192.1, 4643004
NZ_CM142192.1, 4797296
NZ_CM142192.1, 1632838
NZ_CM142192.1, 2571071
NZ_CM142192.1, 4930105
NZ_CM142192.1, 335898
NZ_CM142192.1, 1461410
NZ_CM142192.1, 2748224
NZ_CM142192.1, 3369567
NZ_CM142192.1, 3847062
NZ_CM142192.1, 5022406
NZ_CM142192.1, 349341
NZ_CM142192.1, 1191266
NZ_CM142192.1, 1595837
NZ_CM142192.1, 1604271
NZ_CM142192.1, 1929563
NZ_CM142192.1, 2078586
NZ_CM142192.1, 2338661
NZ_CM142192.1, 2472059
NZ_CM142192.1, 2534889
NZ_CM142192.1, 3372547
NZ_CM142192.1, 4672063
NZ_CM142192.1, 724919
NZ_CM142192.1, 1207357
NZ_CM142192.1, 1212864
NZ_CM142192.1, 1277947
NZ_CM142192.1, 2990987
NZ_CM142192.1, 3375590
NZ_CM142192.1, 3841147
NZ_CM142192.1, 4546079
NZ_CM142192.1, 193812
NZ_CM142192.1, 193817
NZ_CM142192.1, 2127073
NZ_CM142192.1, 1851936
NZ_CM142192.1, 3747120
NZ_CM142192.1, 466823
NZ_CM142192.1, 522391
NZ_CM142192.1, 1342360
NZ_CM142192.1, 1597831
NZ_CM142192.1, 1934155
NZ_CM142192.1, 2717559
NZ_CM142192.1, 786160
NZ_CM142192.1, 1440422
NZ_CM142192.1, 2816266
NZ_CM142192.1, 77521
NZ_CM142192.1, 2090486
NZ_CM142192.1, 2402800
NZ_CM142192.1, 2872597
NZ_CM142192.1, 1002829
NZ_CM142192.1, 1386253
NZ_CM142192.1, 93531
NZ_CM142192.1, 267361
NZ_CM142192.1, 362384
NZ_CM142192.1, 714198
NZ_CM142192.1, 763471
NZ_CM142192.1, 1325575
NZ_CM142192.1, 1411941
NZ_CM142192.1, 1432286
NZ_CM142192.1, 1693533
NZ_CM142192.1, 2237251
NZ_CM142192.1, 2255295
NZ_CM142192.1, 2270838
NZ_CM142192.1, 2405212
NZ_CM142192.1, 2546411
NZ_CM142192.1, 2568074
NZ_CM142192.1, 2569873
NZ_CM142192.1, 2723646
NZ_CM142192.1, 2756676
NZ_CM142192.1, 2772001
NZ_CM142192.1, 2878239
NZ_CM142192.1, 2894548
NZ_CM142192.1, 3044840
NZ_CM142192.1, 3095257
NZ_CM142192.1, 3190745
NZ_CM142192.1, 3254935
NZ_CM142192.1, 3785846
NZ_CM142192.1, 3936803
NZ_CM142192.1, 4374960
NZ_CM142192.1, 4375419
NZ_CM142192.1, 4467188
NZ_CM142192.1, 4493437
NZ_CM142192.1, 4520253
NZ_CM142192.1, 4676049
NZ_CM142192.1, 4829023
NZ_CM142192.1, 172656
NZ_CM142192.1, 3236516
NZ_CM142192.1, 124783
NZ_CM142192.1, 150274
NZ_CM142192.1, 3936028
NZ_CM142192.1, 4120139
NZ_CM142192.1, 4877609
NZ_CM142192.1, 1934510
NZ_CM142192.1, 4608397
NZ_CM142192.1, 47498
NZ_CM142192.1, 62232
NZ_CM142192.1, 73037
NZ_CM142192.1, 757774
NZ_CM142192.1, 765258
NZ_CM142192.1, 792559
NZ_CM142192.1, 836975
NZ_CM142192.1, 876399
NZ_CM142192.1, 1068467
NZ_CM142192.1, 1239797
NZ_CM142192.1, 1432208
NZ_CM142192.1, 1570226
NZ_CM142192.1, 1699664
NZ_CM142192.1, 2236506
NZ_CM142192.1, 2535573
NZ_CM142192.1, 2545912
NZ_CM142192.1, 2648289
NZ_CM142192.1, 2670836
NZ_CM142192.1, 2875727
NZ_CM142192.1, 3176974
NZ_CM142192.1, 3186890
NZ_CM142192.1, 3200606
NZ_CM142192.1, 3251473
NZ_CM142192.1, 3593001
NZ_CM142192.1, 3794723
NZ_CM142192.1, 4045630
NZ_CM142192.1, 4123688
NZ_CM142192.1, 4218188
NZ_CM142192.1, 4703580
NZ_CM142192.1, 4827948
NZ_CM142192.1, 1947177
NZ_CM142192.1, 3903568
NZ_CM142192.1, 1546987
NZ_CM142192.1, 1634339
NZ_CM142192.1, 1232571
NZ_CM142192.1, 1802209
NZ_CM142192.1, 3771331
NZ_CM142192.1, 3771349
NZ_CM142192.1, 3771357
NZ_CM142192.1, 1523050
NZ_CM142192.1, 774928
NZ_CM142192.1, 50142
NZ_CM142192.1, 3505843
NZ_CM142192.1, 3508702
NZ_CM142192.1, 4551930
NZ_CM142192.1, 943613
NZ_CM142192.1, 1491880
NZ_CM142192.1, 1824218
NZ_CM142192.1, 3451819
NZ_CM142192.1, 301562
NZ_CM142192.1, 329860
NZ_CM142192.1, 2470727
NZ_CM142192.1, 3727586
NZ_CM142192.1, 3825619
NZ_CM142192.1, 4178009
NZ_CM142192.1, 4387236
NZ_CM142192.1, 4409137
NZ_CM142192.1, 4796183
NZ_CM142192.1, 1421559
NZ_CM142192.1, 1750064
NZ_CM142192.1, 1806912
NZ_CM142192.1, 1945937
NZ_CM142192.1, 2430650
NZ_CM142192.1, 2715070
NZ_CM142192.1, 2721325
NZ_CM142192.1, 3142465
NZ_CM142192.1, 3430811
NZ_CM142192.1, 3583376
NZ_CM142192.1, 4007633
NZ_CM142192.1, 4529136
NZ_CM142192.1, 4788066
NZ_CM142192.1, 282324
NZ_CM142192.1, 2017988
NZ_CM142192.1, 2514742
NZ_CM142192.1, 2540172
NZ_CM142192.1, 476668
NZ_CM142192.1, 570713
NZ_CM142192.1, 775182
NZ_CM142192.1, 784426
NZ_CM142192.1, 939415
NZ_CM142192.1, 1698432
NZ_CM142192.1, 1727707
NZ_CM142192.1, 3419848
NZ_CM142192.1, 3686952
NZ_CM142192.1, 3838199
NZ_CM142192.1, 4532559
NZ_CM142192.1, 4961475
NZ_CM142192.1, 4970431
NZ_CM142192.1, 37450
NZ_CM142192.1, 163570
NZ_CM142192.1, 311248
NZ_CM142192.1, 640346
NZ_CM142192.1, 670401
NZ_CM142192.1, 885734
NZ_CM142192.1, 913817
NZ_CM142192.1, 931717
NZ_CM142192.1, 1340975
NZ_CM142192.1, 1454391
NZ_CM142192.1, 2028260
NZ_CM142192.1, 2112348
NZ_CM142192.1, 2352311
NZ_CM142192.1, 2657184
NZ_CM142192.1, 2658423
NZ_CM142192.1, 2770726
NZ_CM142192.1, 2815194
NZ_CM142192.1, 3266638
NZ_CM142192.1, 3293814
NZ_CM142192.1, 3425069
NZ_CM142192.1, 3845729
NZ_CM142192.1, 4184212
NZ_CM142192.1, 4237912
NZ_CM142192.1, 4450402
NZ_CM142192.1, 4468704
NZ_CM142192.1, 4829666
NZ_CM142192.1, 2082959
NZ_CM142192.1, 3343035
NZ_CM142192.1, 3859751
NZ_CM142192.1, 304189
NZ_CM142192.1, 623443
NZ_CM142192.1, 1770472
NZ_CM142192.1, 1459801
NZ_CM142192.1, 2070497
NZ_CM142192.1, 2577440
NZ_CM142192.1, 3610324
NZ_CM142192.1, 4962019
NZ_CM142192.1, 4762270
NZ_CM142192.1, 1839446
NZ_CM142192.1, 1067770
NZ_CM142192.1, 1078558
NZ_CM142192.1, 2023079
NZ_CM142192.1, 2478227
NZ_CM142192.1, 2545638
NZ_CM142192.1, 2769953
NZ_CM142192.1, 2877259
NZ_CM142192.1, 3007961
NZ_CM142192.1, 4183462
NZ_CM142192.1, 4253011
NZ_CM142192.1, 4628804
NZ_CM142192.1, 4859884
NZ_CM142192.1, 4888597
NZ_CM142192.1, 1824767
NZ_CM142192.1, 2515452
NZ_CM142192.1, 4490836
NZ_CM142192.1, 4779701
NZ_CM142192.1, 137988
NZ_CM142192.1, 776351
NZ_CM142192.1, 846926
NZ_CM142192.1, 2743478
NZ_CM142192.1, 3091361
NZ_CM142192.1, 3750055
NZ_CM142192.1, 4628671
NZ_CM142192.1, 987956
NZ_CM142192.1, 42792
NZ_CM142192.1, 1374191
NZ_CM142192.1, 1471637
NZ_CM142192.1, 1507014
NZ_CM142192.1, 1508830
NZ_CM142192.1, 2138251
NZ_CM142192.1, 2624176
NZ_CM142192.1, 3063003
NZ_CM142192.1, 3321951
NZ_CM142192.1, 3352250
NZ_CM142192.1, 3472045
NZ_CM142192.1, 3766602
NZ_CM142192.1, 3917112
NZ_CM142192.1, 4494789
NZ_CM142192.1, 4585343
NZ_CM142192.1, 4717489
NZ_CM142192.1, 4819710
NZ_CM142192.1, 453099
NZ_CM142192.1, 579141
NZ_CM142192.1, 587633
NZ_CM142192.1, 832850
NZ_CM142192.1, 970592
NZ_CM142192.1, 1572224
NZ_CM142192.1, 1813024
NZ_CM142192.1, 1816095
NZ_CM142192.1, 2016885
NZ_CM142192.1, 2094779
NZ_CM142192.1, 2257632
NZ_CM142192.1, 2366037
NZ_CM142192.1, 2588708
NZ_CM142192.1, 2660585
NZ_CM142192.1, 2764992
NZ_CM142192.1, 3284552
NZ_CM142192.1, 3323454
NZ_CM142192.1, 3377053
NZ_CM142192.1, 3423236
NZ_CM142192.1, 3601004
NZ_CM142192.1, 3883463
NZ_CM142192.1, 4217298
NZ_CM142192.1, 4285150
NZ_CM142192.1, 4468339
NZ_CM142192.1, 4574141
NZ_CM142192.1, 4702639
NZ_CM142192.1, 4998339
NZ_CM142192.1, 2064290
NZ_CM142192.1, 2453949
NZ_CM142192.1, 2623165
NZ_CM142192.1, 2682379
NZ_CM142192.1, 2774346
NZ_CM142192.1, 3019047
NZ_CM142192.1, 4091869
NZ_CM142192.1, 2756081
NZ_CM142192.1, 501908
NZ_CM142192.1, 608851
NZ_CM142192.1, 769410
NZ_CM142192.1, 1758441
NZ_CM142192.1, 2629063
NZ_CM142192.1, 3189524
NZ_CM142192.1, 3189661
NZ_CM142192.1, 3976417
NZ_CM142192.1, 2900253
NZ_CM142192.1, 1004006
NZ_CM142192.1, 55268
NZ_CM142192.1, 753358
NZ_CM142192.1, 1519419
NZ_CM142192.1, 1823684
NZ_CM142192.1, 2207595
NZ_CM142192.1, 2514920
NZ_CM142192.1, 3367093
NZ_CM142192.1, 3459206
NZ_CM142192.1, 3599918
NZ_CM142192.1, 3602527
NZ_CM142192.1, 3789573
NZ_CM142192.1, 4015146
NZ_CM142192.1, 4052701
NZ_CM142192.1, 531911
NZ_CM142192.1, 758192
NZ_CM142192.1, 769339
NZ_CM142192.1, 769414
NZ_CM142192.1, 944232
NZ_CM142192.1, 1509873
NZ_CM142192.1, 2247044
NZ_CM142192.1, 2587488
NZ_CM142192.1, 2587947
NZ_CM142192.1, 2902351
NZ_CM142192.1, 3976645
NZ_CM142192.1, 3976663
NZ_CM142192.1, 4716045
NZ_CM142192.1, 4956784
NZ_CM142192.1, 5021890
NZ_CM142192.1, 785356
NZ_CM142192.1, 478526
NZ_CM142192.1, 587322
NZ_CM142192.1, 762042
NZ_CM142192.1, 1238792
NZ_CM142192.1, 1556017
NZ_CM142192.1, 1775061
NZ_CM142192.1, 2712605
NZ_CM142192.1, 2874254
NZ_CM142192.1, 3150161
NZ_CM142192.1, 3179460
NZ_CM142192.1, 3237150
NZ_CM142192.1, 3992602
NZ_CM142192.1, 4006134
NZ_CM142192.1, 4476164
NZ_CM142192.1, 127189
NZ_CM142192.1, 852098
NZ_CM142192.1, 1817228
NZ_CM142192.1, 3293962
NZ_CM142192.1, 4250532
NZ_CM142192.1, 4885010
NZ_CM142192.1, 983992
NZ_CM142192.1, 1754444
NZ_CM142192.1, 2593177
NZ_CM142192.1, 4979792
NZ_CM142192.1, 648134
NZ_CM142192.1, 1747662
NZ_CM142192.1, 1819524
NZ_CM142192.1, 1895437
NZ_CM142192.1, 2205893
NZ_CM142192.1, 2211922
NZ_CM142192.1, 2437433
NZ_CM142192.1, 2506308
NZ_CM142192.1, 2523686
NZ_CM142192.1, 2571735
NZ_CM142192.1, 2927125
NZ_CM142192.1, 3017238
NZ_CM142192.1, 3789582
NZ_CM142192.1, 4128079
NZ_CM142192.1, 4228017
NZ_CM142192.1, 4433030
NZ_CM142192.1, 4433033
NZ_CM142192.1, 789490
NZ_CM142192.1, 1393984
NZ_CM142192.1, 1455512
NZ_CM142192.1, 1573720
NZ_CM142192.1, 1634060
NZ_CM142192.1, 2026758
NZ_CM142192.1, 2733098
NZ_CM142192.1, 3973444
NZ_CM142192.1, 4226272
NZ_CM142192.1, 4278664
NZ_CM142192.1, 2591784
NZ_CM142192.1, 1877378
NZ_CM142192.1, 2587942
NZ_CM142192.1, 3043253
NZ_CM142192.1, 3199263
NZ_CM142192.1, 3271552
NZ_CM142192.1, 3398542
NZ_CM142192.1, 3872097
NZ_CM142192.1, 4644774
NZ_CM142192.1, 2081610
NZ_CM142192.1, 806574
NZ_CM142192.1, 1342246
NZ_CM142192.1, 2307579
NZ_CM142192.1, 2477958
NZ_CM142192.1, 2534012
NZ_CM142192.1, 2726007
NZ_CM142192.1, 3781377
NZ_CM142192.1, 4312973
NZ_CM142192.1, 4490252
NZ_CM142192.1, 86428
NZ_CM142192.1, 360878
NZ_CM142192.1, 496918
NZ_CM142192.1, 765947
NZ_CM142192.1, 926352
NZ_CM142192.1, 1311727
NZ_CM142192.1, 1398457
NZ_CM142192.1, 1402110
NZ_CM142192.1, 1431878
NZ_CM142192.1, 1474018
NZ_CM142192.1, 1526590
NZ_CM142192.1, 1591979
NZ_CM142192.1, 1755368
NZ_CM142192.1, 1829906
NZ_CM142192.1, 1836443
NZ_CM142192.1, 1945810
NZ_CM142192.1, 2243085
NZ_CM142192.1, 2274084
NZ_CM142192.1, 2409712
NZ_CM142192.1, 2414089
NZ_CM142192.1, 2434082
NZ_CM142192.1, 2437752
NZ_CM142192.1, 2549008
NZ_CM142192.1, 2695822
NZ_CM142192.1, 2703179
NZ_CM142192.1, 2738324
NZ_CM142192.1, 2823249
NZ_CM142192.1, 2873221
NZ_CM142192.1, 2940110
NZ_CM142192.1, 3238877
NZ_CM142192.1, 3783583
NZ_CM142192.1, 3881020
NZ_CM142192.1, 3900729
NZ_CM142192.1, 4187583
NZ_CM142192.1, 4225600
NZ_CM142192.1, 4300993
NZ_CM142192.1, 4500252
NZ_CM142192.1, 4530206
NZ_CM142192.1, 4530682
NZ_CM142192.1, 4777085
NZ_CM142192.1, 4857042
NZ_CM142192.1, 4931835
NZ_CM142192.1, 4990030
NZ_CM142192.1, 311344
NZ_CM142192.1, 497693
NZ_CM142192.1, 1001830
NZ_CM142192.1, 1012202
NZ_CM142192.1, 2026960
NZ_CM142192.1, 2925688
NZ_CM142192.1, 3057871
NZ_CM142192.1, 3691059
NZ_CM142192.1, 77427
NZ_CM142192.1, 207798
NZ_CM142192.1, 1712014
NZ_CM142192.1, 2017152
NZ_CM142192.1, 2017153
NZ_CM142192.1, 3334699
NZ_CM142192.1, 3387085
NZ_CM142192.1, 3433427
NZ_CM142192.1, 2645680
NZ_CM142192.1, 873959
NZ_CM142192.1, 1505540
NZ_CM142192.1, 1636486
NZ_CM142192.1, 1761228
NZ_CM142192.1, 2132507
NZ_CM142192.1, 2148504
NZ_CM142192.1, 2744488
NZ_CM142192.1, 2928805
NZ_CM142192.1, 3015726
NZ_CM142192.1, 3907873
NZ_CM142192.1, 4071608
NZ_CM142192.1, 4277256
NZ_CM142192.1, 4647232
NZ_CM142192.1, 839932
NZ_CM142192.1, 2112385
NZ_CM142192.1, 3768402
NZ_CM142192.1, 4878287
NZ_CM142192.1, 4271583
NZ_CM142192.1, 4728305
NZ_CM142192.1, 2079208
NZ_CM142192.1, 510253
NZ_CM142192.1, 3210776
NZ_CM142192.1, 3330780
NZ_CM142192.1, 4998745
NZ_CM142192.1, 447788
NZ_CM142192.1, 1282269
NZ_CM142192.1, 1873913
NZ_CM142192.1, 2049771
NZ_CM142192.1, 3349878
NZ_CM142192.1, 3596678
NZ_CM142192.1, 4060230
NZ_CM142192.1, 4060684
NZ_CM142192.1, 4394362
NZ_CM142192.1, 4606828
NZ_CM142192.1, 74696
NZ_CM142192.1, 104435
NZ_CM142192.1, 468173
NZ_CM142192.1, 735169
NZ_CM142192.1, 902878
NZ_CM142192.1, 1346203
NZ_CM142192.1, 1432452
NZ_CM142192.1, 1521043
NZ_CM142192.1, 1521235
NZ_CM142192.1, 2073059
NZ_CM142192.1, 4754251
NZ_CM142192.1, 4951274
NZ_CM142192.1, 5003360
NZ_CM142192.1, 501792
NZ_CM142192.1, 2896563
NZ_CM142192.1, 3223049
NZ_CM142192.1, 185224
NZ_CM142192.1, 314369
NZ_CM142192.1, 757191
NZ_CM142192.1, 1527261
NZ_CM142192.1, 2308554
NZ_CM142192.1, 2449200
NZ_CM142192.1, 3789034
NZ_CM142192.1, 212923
NZ_CM142192.1, 518965
NZ_CM142192.1, 626617
NZ_CM142192.1, 1204838
NZ_CM142192.1, 1432137
NZ_CM142192.1, 1485548
NZ_CM142192.1, 1729465
NZ_CM142192.1, 2488776
NZ_CM142192.1, 2523851
NZ_CM142192.1, 2619397
NZ_CM142192.1, 3253692
NZ_CM142192.1, 3600685
NZ_CM142192.1, 4450124
NZ_CM142192.1, 4985408
NZ_CM142192.1, 446815
NZ_CM142192.1, 1242761
NZ_CM142192.1, 1455059
NZ_CM142192.1, 2621964
NZ_CM142192.1, 2623786
NZ_CM142192.1, 2625633
NZ_CM142192.1, 3208916
NZ_CM142192.1, 4657409
NZ_CM142192.1, 1385581
NZ_CM142192.1, 4282140
NZ_CM142192.1, 781233
NZ_CM142192.1, 804686
NZ_CM142192.1, 1942475
NZ_CM142192.1, 2202204
NZ_CM142192.1, 4017966
NZ_CM142192.1, 4024169
NZ_CM142192.1, 4766442
NZ_CM142192.1, 149690
NZ_CM142192.1, 979133
NZ_CM142192.1, 1239926
NZ_CM142192.1, 2596350
NZ_CM142192.1, 3208568
NZ_CM142192.1, 4854153
NZ_CM142192.1, 5029323
NZ_CM142192.1, 501919
NZ_CM142192.1, 513564
NZ_CM142192.1, 538620
NZ_CM142192.1, 787108
NZ_CM142192.1, 1076679
NZ_CM142192.1, 1604234
NZ_CM142192.1, 1746385
NZ_CM142192.1, 2030669
NZ_CM142192.1, 2041789
NZ_CM142192.1, 2088133
NZ_CM142192.1, 2442777
NZ_CM142192.1, 2768151
NZ_CM142192.1, 3063710
NZ_CM142192.1, 3783550
NZ_CM142192.1, 4109265
NZ_CM142192.1, 4401797
NZ_CM142192.1, 4550724
NZ_CM142192.1, 5003248
NZ_CM142192.1, 473256
NZ_CM142192.1, 609596
NZ_CM142192.1, 821125
NZ_CM142192.1, 846622
NZ_CM142192.1, 1017319
NZ_CM142192.1, 1021972
NZ_CM142192.1, 1722875
NZ_CM142192.1, 1751766
NZ_CM142192.1, 1931205
NZ_CM142192.1, 1936085
NZ_CM142192.1, 2049214
NZ_CM142192.1, 2051255
NZ_CM142192.1, 2273927
NZ_CM142192.1, 2455539
NZ_CM142192.1, 3296613
NZ_CM142192.1, 4007881
NZ_CM142192.1, 4007882
NZ_CM142192.1, 4074959
NZ_CM142192.1, 4351577
NZ_CM142192.1, 4383539
NZ_CM142192.1, 4433059
NZ_CM142192.1, 4488209
NZ_CM142192.1, 4641308
NZ_CM142192.1, 1438756
NZ_CM142192.1, 267514
NZ_CM142192.1, 1069130
NZ_CM142192.1, 1334472
NZ_CM142192.1, 1820831
NZ_CM142192.1, 1848631
NZ_CM142192.1, 2123674
NZ_CM142192.1, 3392929
NZ_CM142192.1, 3599049
NZ_CM142192.1, 3697309
NZ_CM142192.1, 3757292
NZ_CM142192.1, 4394070
NZ_CM142192.1, 4544806
NZ_CM142192.1, 4246903
NZ_CM142192.1, 1210024
NZ_CM142192.1, 4003057
NZ_CM142192.1, 310778
NZ_CM142192.1, 3790610
NZ_CM142192.1, 503310
NZ_CM142192.1, 630964
NZ_CM142192.1, 725362
NZ_CM142192.1, 927663
NZ_CM142192.1, 952735
NZ_CM142192.1, 1278616
NZ_CM142192.1, 1464408
NZ_CM142192.1, 1592664
NZ_CM142192.1, 1729233
NZ_CM142192.1, 2717673
NZ_CM142192.1, 2768678
NZ_CM142192.1, 4065864
NZ_CM142192.1, 4298746
NZ_CM142192.1, 1506464
NZ_CM142192.1, 1404383
NZ_CM142192.1, 2405076
NZ_CM142192.1, 3175961
NZ_CM142192.1, 1758439
NZ_CM142192.1, 1215799
NZ_CM142192.1, 1285874
NZ_CM142192.1, 2995208
NZ_CM142192.1, 3200767
NZ_CM142192.1, 4825244
NZ_CM142192.1, 536083
NZ_CM142192.1, 611092
NZ_CM142192.1, 632649
NZ_CM142192.1, 1497842
NZ_CM142192.1, 2442800
NZ_CM142192.1, 2678269
NZ_CM142192.1, 3456998
NZ_CM142192.1, 5025202
NZ_CM142192.1, 628779
NZ_CM142192.1, 881518
NZ_CM142192.1, 2476379
NZ_CM142192.1, 2663609
NZ_CM142192.1, 2667795
NZ_CM142192.1, 3854556
NZ_CM142192.1, 3920440
NZ_CM142192.1, 4587078
NZ_CM142192.1, 4846544
NZ_CM142192.1, 4988552
NZ_CM142192.1, 577298
NZ_CM142192.1, 975640
NZ_CM142192.1, 1097572
NZ_CM142192.1, 2134899
NZ_CM142192.1, 2363234
NZ_CM142192.1, 2366141
NZ_CM142192.1, 2471643
NZ_CM142192.1, 2717004
NZ_CM142192.1, 2908866
NZ_CM142192.1, 3020438
NZ_CM142192.1, 3087248
NZ_CM142192.1, 3209933
NZ_CM142192.1, 3285569
NZ_CM142192.1, 3916328
NZ_CM142192.1, 3918555
NZ_CM142192.1, 4091180
NZ_CM142192.1, 4355630
NZ_CM142192.1, 4722549
NZ_CM142192.1, 98747
NZ_CM142192.1, 1403358
NZ_CM142192.1, 1496603
NZ_CM142192.1, 998184
NZ_CM142192.1, 1415069
NZ_CM142192.1, 1619881
NZ_CM142192.1, 2674004
NZ_CM142192.1, 4047138
NZ_CM142192.1, 4767322
NZ_CM142192.1, 1477876
NZ_CM142192.1, 3275670
NZ_CM142192.1, 758009
NZ_CM142192.1, 1309986
NZ_CM142192.1, 1751646
NZ_CM142192.1, 2310156
NZ_CM142192.1, 3691681
NZ_CM142192.1, 4484603
NZ_CM142192.1, 4485259
NZ_CM142192.1, 634490
NZ_CM142192.1, 1325863
NZ_CM142192.1, 1388181
NZ_CM142192.1, 1471725
NZ_CM142192.1, 1689226
NZ_CM142192.1, 1748400
NZ_CM142192.1, 1925732
NZ_CM142192.1, 2036393
NZ_CM142192.1, 2471801
NZ_CM142192.1, 2775963
NZ_CM142192.1, 3040581
NZ_CM142192.1, 3142449
NZ_CM142192.1, 3225112
NZ_CM142192.1, 3450473
NZ_CM142192.1, 3818403
NZ_CM142192.1, 3958378
NZ_CM142192.1, 4267044
NZ_CM142192.1, 4285501
NZ_CM142192.1, 4502362
NZ_CM142192.1, 4880243
NZ_CM142192.1, 4936881
NZ_CM142192.1, 4988356
NZ_CM142192.1, 4612793
NZ_CM142192.1, 614338
NZ_CM142192.1, 1189619
NZ_CM142192.1, 2016325
NZ_CM142192.1, 2194375
NZ_CM142192.1, 3101922
NZ_CM142192.1, 4531545
NZ_CM142192.1, 638766
NZ_CM142192.1, 185972
NZ_CM142192.1, 2667822
NZ_CM142192.1, 4109589
NZ_CM142192.1, 5048099
NZ_CM142192.1, 2586209
NZ_CM142192.1, 3370587
NZ_CM142192.1, 3465446
NZ_CM142192.1, 653458
NZ_CM142192.1, 2317138
NZ_CM142192.1, 2701219
NZ_CM142192.1, 346294
NZ_CM142192.1, 495930
NZ_CM142192.1, 574876
NZ_CM142192.1, 864960
NZ_CM142192.1, 983337
NZ_CM142192.1, 1440059
NZ_CM142192.1, 2516452
NZ_CM142192.1, 3079193
NZ_CM142192.1, 3109521
NZ_CM142192.1, 3775444
NZ_CM142192.1, 3791664
NZ_CM142192.1, 3859730
NZ_CM142192.1, 4060244
NZ_CM142192.1, 4643625
NZ_CM142192.1, 138855
NZ_CM142192.1, 951128
NZ_CM142192.1, 1216837
NZ_CM142192.1, 1629847
NZ_CM142192.1, 2012444
NZ_CM142192.1, 2092385
NZ_CM142192.1, 2726539
NZ_CM142192.1, 2764551
NZ_CM142192.1, 2979365
NZ_CM142192.1, 4235508
NZ_CM142192.1, 4464973
NZ_CM142192.1, 4533538
NZ_CM142192.1, 2763059
NZ_CM142192.1, 3329927
NZ_CM142192.1, 1364051
NZ_CM142192.1, 762744
NZ_CM142192.1, 3245720
NZ_CM142192.1, 189671
NZ_CM142192.1, 198362
NZ_CM142192.1, 1383514
NZ_CM142192.1, 1737151
NZ_CM142192.1, 1748412
NZ_CM142192.1, 2088881
NZ_CM142192.1, 2111719
NZ_CM142192.1, 3093103
NZ_CM142192.1, 3776762
NZ_CM142192.1, 3908672
NZ_CM142192.1, 4006229
NZ_CM142192.1, 855334
NZ_CM142192.1, 192390
NZ_CM142192.1, 1187921
NZ_CM142192.1, 1330445
NZ_CM142192.1, 1521940
NZ_CM142192.1, 2589067
NZ_CM142192.1, 2976542
NZ_CM142192.1, 3113986
NZ_CM142192.1, 747538
NZ_CM142192.1, 866120
NZ_CM142192.1, 4118086
NZ_CM142192.1, 624284
NZ_CM142192.1, 867363
NZ_CM142192.1, 958937
NZ_CM142192.1, 2078519
NZ_CM142192.1, 2714098
NZ_CM142192.1, 3740832
NZ_CM142192.1, 3798297
NZ_CM142192.1, 4188585
NZ_CM142192.1, 4289720
NZ_CM142192.1, 4890598
NZ_CM142192.1, 5006388
NZ_CM142192.1, 2550189
NZ_CM142192.1, 3352215
NZ_CM142192.1, 3825055
NZ_CM142192.1, 4629204
NZ_CM142192.1, 1462286
NZ_CM142192.1, 1462287
NZ_CM142192.1, 191828
NZ_CM142192.1, 318248
NZ_CM142192.1, 2763496
NZ_CM142192.1, 2876572
NZ_CM142192.1, 2903159
NZ_CM142192.1, 3733106
NZ_CM142192.1, 3876133
NZ_CM142192.1, 939875
NZ_CM142192.1, 3349475
NZ_CM142192.1, 3993603
NZ_CM142192.1, 583130
NZ_CM142192.1, 2471707
NZ_CM142192.1, 3748750
NZ_CM142192.1, 4409818
NZ_CM142192.1, 4643967
NZ_CM142192.1, 4794850
NZ_CM142192.1, 1477628
NZ_CM142192.1, 2130454
NZ_CM142192.1, 2133634
NZ_CM142192.1, 2520955
NZ_CM142192.1, 2679417
NZ_CM142192.1, 2902490
NZ_CM142192.1, 2997542
NZ_CM142192.1, 3089180
NZ_CM142192.1, 3735555
NZ_CM142192.1, 4416510
NZ_CM142192.1, 4856047
NZ_CM142192.1, 4933821
NZ_CM142192.1, 4937016
NZ_CM142192.1, 51153
NZ_CM142192.1, 962299
NZ_CM142192.1, 1308990
NZ_CM142192.1, 1334375
NZ_CM142192.1, 2134303
NZ_CM142192.1, 2144136
NZ_CM142192.1, 3198045
NZ_CM142192.1, 3833270
NZ_CM142192.1, 4761015
NZ_CM142192.1, 310062
NZ_CM142192.1, 476551
NZ_CM142192.1, 508480
NZ_CM142192.1, 1093203
NZ_CM142192.1, 1545407
NZ_CM142192.1, 2235081
NZ_CM142192.1, 2334011
NZ_CM142192.1, 2376097
NZ_CM142192.1, 2453299
NZ_CM142192.1, 2507271
NZ_CM142192.1, 2656098
NZ_CM142192.1, 3596687
NZ_CM142192.1, 3829696
NZ_CM142192.1, 3835934
NZ_CM142192.1, 4015040
NZ_CM142192.1, 4607372
NZ_CM142192.1, 5002250
NZ_CM142192.1, 839072
NZ_CM142192.1, 2903215
NZ_CM142192.1, 2977335
NZ_CM142192.1, 3816599
NZ_CM142192.1, 2623480
NZ_CM142192.1, 3355280
NZ_CM142192.1, 3150707
NZ_CM142192.1, 4649545
NZ_CM142192.1, 467808
NZ_CM142192.1, 814715
NZ_CM142192.1, 1837433
NZ_CM142192.1, 2064877
NZ_CM142192.1, 2443212
NZ_CM142192.1, 3431611
NZ_CM142192.1, 4124429
NZ_CM142192.1, 1451018
NZ_CM142192.1, 2181188
NZ_CM142192.1, 2181210
NZ_CM142192.1, 3470355
NZ_CM142192.1, 943963
NZ_CM142192.1, 2765836
NZ_CM142192.1, 3258532
NZ_CM142192.1, 265492
NZ_CM142192.1, 775987
NZ_CM142192.1, 2075056
NZ_CM142192.1, 2108685
NZ_CM142192.1, 2351819
NZ_CM142192.1, 3218776
NZ_CM142192.1, 3264536
NZ_CM142192.1, 3760351
NZ_CM142192.1, 552034
NZ_CM142192.1, 570283
NZ_CM142192.1, 1648954
NZ_CM142192.1, 1993814
NZ_CM142192.1, 2665143
NZ_CM142192.1, 3251927
NZ_CM142192.1, 3759740
NZ_CM142192.1, 3771213
NZ_CM142192.1, 4346580
NZ_CM142192.1, 4489050
NZ_CM142192.1, 4610693
NZ_CM142192.1, 74707
NZ_CM142192.1, 1429683
NZ_CM142192.1, 1589299
NZ_CM142192.1, 1752730
NZ_CM142192.1, 2666902
NZ_CM142192.1, 3062583
NZ_CM142192.1, 3254179
NZ_CM142192.1, 4381619
NZ_CM142192.1, 2825154
NZ_CM142192.1, 3894850
NZ_CM142192.1, 1014480
NZ_CM142192.1, 2050255
NZ_CM142192.1, 4478134
NZ_CM142192.1, 887037
NZ_CM142192.1, 928112
NZ_CM142192.1, 954829
NZ_CM142192.1, 1090006
NZ_CM142192.1, 1697232
NZ_CM142192.1, 2921672
NZ_CM142192.1, 3881224
NZ_CM142192.1, 62559
NZ_CM142192.1, 2039116
NZ_CM142192.1, 2077344
NZ_CM142192.1, 3589301
NZ_CM142192.1, 4090835
NZ_CM142192.1, 4125681
NZ_CM142192.1, 1309127
NZ_CM142192.1, 592876
NZ_CM142192.1, 1724938
NZ_CM142192.1, 1941570
NZ_CM142192.1, 2877196
NZ_CM142192.1, 3339705
NZ_CM142192.1, 3909241
NZ_CM142192.1, 3919597
NZ_CM142192.1, 4272490
NZ_CM142192.1, 263192
NZ_CM142192.1, 1242400
NZ_CM142192.1, 4143316
NZ_CM142192.1, 4887274
NZ_CM142192.1, 5059941
NZ_CM142192.1, 2092783
NZ_CM142192.1, 3105072
NZ_CM142192.1, 3971996
NZ_CM142192.1, 4231867
NZ_CM142192.1, 4298520
NZ_CM142192.1, 4436964
NZ_CM142192.1, 4576723
NZ_CM142192.1, 1285268
NZ_CM142192.1, 1332085
NZ_CM142192.1, 2505291
NZ_CM142192.1, 2661981
NZ_CM142192.1, 2916874
NZ_CM142192.1, 2518323
NZ_CM142192.1, 301643
NZ_CM142192.1, 1375929
NZ_CM142192.1, 552643
NZ_CM142192.1, 719453
NZ_CM142192.1, 2874496
NZ_CM142192.1, 479100
NZ_CM142192.1, 1761280
NZ_CM142192.1, 1966696
NZ_CM142192.1, 2136281
NZ_CM142192.1, 2350742
NZ_CM142192.1, 2370685
NZ_CM142192.1, 2475801
NZ_CM142192.1, 2479103
NZ_CM142192.1, 2763054
NZ_CM142192.1, 2876306
NZ_CM142192.1, 3112025
NZ_CM142192.1, 3463717
NZ_CM142192.1, 4088455
NZ_CM142192.1, 4527546
NZ_CM142192.1, 4528811
NZ_CM142192.1, 4623117
NZ_CM142192.1, 746356
NZ_CM142192.1, 4778249
NZ_CM142192.1, 662152
NZ_CM142192.1, 1222421
NZ_CM142192.1, 1329981
NZ_CM142192.1, 2536533
NZ_CM142192.1, 3093240
NZ_CM142192.1, 4616834
NZ_CM142192.1, 803322
NZ_CM142192.1, 1464031
NZ_CM142192.1, 2030762
NZ_CM142192.1, 2768395
NZ_CM142192.1, 3037781
NZ_CM142192.1, 3041107
NZ_CM142192.1, 4215559
NZ_CM142192.1, 4381094
NZ_CM142192.1, 4425735
NZ_CM142192.1, 4425757
NZ_CM142192.1, 91317
NZ_CM142192.1, 1925567
NZ_CM142192.1, 3453883
NZ_CM142192.1, 3455602
NZ_CM142192.1, 3510229
NZ_CM142192.1, 304185
NZ_CM142192.1, 630717
NZ_CM142192.1, 879260
NZ_CM142192.1, 975914
NZ_CM142192.1, 1595939
NZ_CM142192.1, 1629119
NZ_CM142192.1, 1888860
NZ_CM142192.1, 2069871
NZ_CM142192.1, 2090474
NZ_CM142192.1, 2129830
NZ_CM142192.1, 2312717
NZ_CM142192.1, 2532277
NZ_CM142192.1, 2794084
NZ_CM142192.1, 3156710
NZ_CM142192.1, 3370523
NZ_CM142192.1, 3583006
NZ_CM142192.1, 4425956
NZ_CM142192.1, 4446223
NZ_CM142192.1, 620126
NZ_CM142192.1, 1987147
NZ_CM142192.1, 1431867
NZ_CM142192.1, 4256748
NZ_CM142192.1, 4261100
NZ_CM142192.1, 4423676
NZ_CM142192.1, 1435625
NZ_CM142192.1, 2794823
NZ_CM142192.1, 4439763
NZ_CM142192.1, 2988810
NZ_CM142192.1, 62116
NZ_CM142192.1, 129592
NZ_CM142192.1, 160591
NZ_CM142192.1, 311944
NZ_CM142192.1, 314464
NZ_CM142192.1, 314729
NZ_CM142192.1, 454904
NZ_CM142192.1, 468339
NZ_CM142192.1, 469586
NZ_CM142192.1, 496115
NZ_CM142192.1, 508657
NZ_CM142192.1, 554334
NZ_CM142192.1, 580853
NZ_CM142192.1, 674741
NZ_CM142192.1, 674864
NZ_CM142192.1, 675092
NZ_CM142192.1, 755053
NZ_CM142192.1, 764508
NZ_CM142192.1, 777559
NZ_CM142192.1, 785729
NZ_CM142192.1, 814365
NZ_CM142192.1, 839151
NZ_CM142192.1, 877588
NZ_CM142192.1, 882994
NZ_CM142192.1, 883024
NZ_CM142192.1, 975678
NZ_CM142192.1, 1013931
NZ_CM142192.1, 1022742
NZ_CM142192.1, 1022747
NZ_CM142192.1, 1096871
NZ_CM142192.1, 1241547
NZ_CM142192.1, 1331530
NZ_CM142192.1, 1331553
NZ_CM142192.1, 1336304
NZ_CM142192.1, 1354214
NZ_CM142192.1, 1354662
NZ_CM142192.1, 1360419
NZ_CM142192.1, 1392306
NZ_CM142192.1, 1416920
NZ_CM142192.1, 1419318
NZ_CM142192.1, 1419765
NZ_CM142192.1, 1419800
NZ_CM142192.1, 1421795
NZ_CM142192.1, 1439310
NZ_CM142192.1, 1521106
NZ_CM142192.1, 1525725
NZ_CM142192.1, 1558447
NZ_CM142192.1, 1566005
NZ_CM142192.1, 1569824
NZ_CM142192.1, 1605183
NZ_CM142192.1, 1605222
NZ_CM142192.1, 1643339
NZ_CM142192.1, 1687905
NZ_CM142192.1, 1836168
NZ_CM142192.1, 1893481
NZ_CM142192.1, 1930009
NZ_CM142192.1, 1938273
NZ_CM142192.1, 1938295
NZ_CM142192.1, 2020761
NZ_CM142192.1, 2080607
NZ_CM142192.1, 2084009
NZ_CM142192.1, 2117905
NZ_CM142192.1, 2241501
NZ_CM142192.1, 2321282
NZ_CM142192.1, 2334422
NZ_CM142192.1, 2366045
NZ_CM142192.1, 2401649
NZ_CM142192.1, 2406439
NZ_CM142192.1, 2494387
NZ_CM142192.1, 2494413
NZ_CM142192.1, 2505008
NZ_CM142192.1, 2505037
NZ_CM142192.1, 2507871
NZ_CM142192.1, 2507899
NZ_CM142192.1, 2538442
NZ_CM142192.1, 2543003
NZ_CM142192.1, 2548076
NZ_CM142192.1, 2626195
NZ_CM142192.1, 2626344
NZ_CM142192.1, 2680773
NZ_CM142192.1, 2719617
NZ_CM142192.1, 2719663
NZ_CM142192.1, 2721237
NZ_CM142192.1, 2753982
NZ_CM142192.1, 2822364
NZ_CM142192.1, 2825095
NZ_CM142192.1, 2870911
NZ_CM142192.1, 2910217
NZ_CM142192.1, 2910410
NZ_CM142192.1, 2919494
NZ_CM142192.1, 2989498
NZ_CM142192.1, 3080338
NZ_CM142192.1, 3080413
NZ_CM142192.1, 3089425
NZ_CM142192.1, 3099697
NZ_CM142192.1, 3169770
NZ_CM142192.1, 3173306
NZ_CM142192.1, 3255896
NZ_CM142192.1, 3261485
NZ_CM142192.1, 3337456
NZ_CM142192.1, 3435493
NZ_CM142192.1, 3467165
NZ_CM142192.1, 3479952
NZ_CM142192.1, 3487918
NZ_CM142192.1, 3578368
NZ_CM142192.1, 3747153
NZ_CM142192.1, 3747192
NZ_CM142192.1, 3747206
NZ_CM142192.1, 3780297
NZ_CM142192.1, 3818594
NZ_CM142192.1, 3915817
NZ_CM142192.1, 3923129
NZ_CM142192.1, 3983082
NZ_CM142192.1, 3983152
NZ_CM142192.1, 4066933
NZ_CM142192.1, 4137053
NZ_CM142192.1, 4138228
NZ_CM142192.1, 4220614
NZ_CM142192.1, 4392796
NZ_CM142192.1, 4408001
NZ_CM142192.1, 4443142
NZ_CM142192.1, 4548464
NZ_CM142192.1, 4615300
NZ_CM142192.1, 4676419
NZ_CM142192.1, 4678812
NZ_CM142192.1, 4703695
NZ_CM142192.1, 4714529
NZ_CM142192.1, 4779580
NZ_CM142192.1, 4860463
NZ_CM142192.1, 4860468
NZ_CM142192.1, 4958531
NZ_CM142192.1, 4958594
NZ_CM142192.1, 5028430
NZ_CM142192.1, 5053971
NZ_CM142192.1, 138228
NZ_CM142192.1, 902659
NZ_CM142192.1, 2043936
NZ_CM142192.1, 4299718
NZ_CM142192.1, 4775803
NZ_CM142192.1, 3061892
NZ_CM142192.1, 549994
NZ_CM142192.1, 1175366
NZ_CM142192.1, 2050263
NZ_CM142192.1, 2050284
NZ_CM142192.1, 2693375
NZ_CM142192.1, 3209432
NZ_CM142192.1, 3209434
NZ_CM142192.1, 3209439
NZ_CM142192.1, 3283586
NZ_CM142192.1, 3783562
NZ_CM142192.1, 4139080
NZ_CM142192.1, 4501501
NZ_CM142192.1, 475966
NZ_CM142192.1, 506039
NZ_CM142192.1, 3325879
NZ_CM142192.1, 3463818
NZ_CM142192.1, 3817418
NZ_CM142192.1, 4131384
NZ_CM142192.1, 4932852
NZ_CM142192.1, 769173
NZ_CM142192.1, 878690
NZ_CM142192.1, 1012418
NZ_CM142192.1, 1187493
NZ_CM142192.1, 1230226
NZ_CM142192.1, 1425295
NZ_CM142192.1, 1447573
NZ_CM142192.1, 1827962
NZ_CM142192.1, 1926278
NZ_CM142192.1, 2485386
NZ_CM142192.1, 2819403
NZ_CM142192.1, 2822145
NZ_CM142192.1, 3502138
NZ_CM142192.1, 3819674
NZ_CM142192.1, 4075185
NZ_CM142192.1, 4719736
NZ_CM142192.1, 818322
NZ_CM142192.1, 839664
NZ_CM142192.1, 3992233
NZ_CM142192.1, 1727572
NZ_CM142192.1, 2085184
NZ_CM142192.1, 2766968
NZ_CM142192.1, 4218156
NZ_CM142192.1, 4482385
NZ_CM142192.1, 1091938
NZ_CM142192.1, 3959197
NZ_CM142192.1, 855272
NZ_CM142192.1, 635033
NZ_CM142192.1, 807465
NZ_CM142192.1, 1844265
NZ_CM142192.1, 1851762
NZ_CM142192.1, 2046055
NZ_CM142192.1, 2627885
NZ_CM142192.1, 3261435
NZ_CM142192.1, 3993706
NZ_CM142192.1, 2050434
NZ_CM142192.1, 2661380
NZ_CM142192.1, 512539
NZ_CM142192.1, 841860
NZ_CM142192.1, 1216570
NZ_CM142192.1, 2328222
NZ_CM142192.1, 2332338
NZ_CM142192.1, 2536890
NZ_CM142192.1, 2543740
NZ_CM142192.1, 3062508
NZ_CM142192.1, 3142890
NZ_CM142192.1, 3174507
NZ_CM142192.1, 3732771
NZ_CM142192.1, 4353042
NZ_CM142192.1, 4925402
NZ_CM142192.1, 5032189
NZ_CM142192.1, 3770817
NZ_CM142192.1, 1572518
NZ_CM142192.1, 1731508
NZ_CM142192.1, 2546949
NZ_CM142192.1, 2695790
NZ_CM142192.1, 4010672
NZ_CM142192.1, 4354975
NZ_CM142192.1, 611343
NZ_CM142192.1, 841896
NZ_CM142192.1, 1228418
NZ_CM142192.1, 1528128
NZ_CM142192.1, 1646884
NZ_CM142192.1, 2078293
NZ_CM142192.1, 2412403
NZ_CM142192.1, 2885680
NZ_CM142192.1, 3050246
NZ_CM142192.1, 3610409
NZ_CM142192.1, 3742454
NZ_CM142192.1, 4007478
NZ_CM142192.1, 3831868
NZ_CM142192.1, 2251855
NZ_CM142192.1, 41982
NZ_CM142192.1, 272647
NZ_CM142192.1, 443905
NZ_CM142192.1, 468683
NZ_CM142192.1, 730896
NZ_CM142192.1, 849632
NZ_CM142192.1, 978272
NZ_CM142192.1, 1005920
NZ_CM142192.1, 1206573
NZ_CM142192.1, 1366805
NZ_CM142192.1, 1502127
NZ_CM142192.1, 1508625
NZ_CM142192.1, 1695421
NZ_CM142192.1, 1757375
NZ_CM142192.1, 1832547
NZ_CM142192.1, 2794069
NZ_CM142192.1, 3330509
NZ_CM142192.1, 3579365
NZ_CM142192.1, 3803158
NZ_CM142192.1, 3846405
NZ_CM142192.1, 4184570
NZ_CM142192.1, 4341756
NZ_CM142192.1, 4351601
NZ_CM142192.1, 1927321
NZ_CM142192.1, 2041978
NZ_CM142192.1, 2677609
NZ_CM142192.1, 1189394
NZ_CM142192.1, 1019430
NZ_CM142192.1, 3352339
NZ_CM142192.1, 3459379
NZ_CM142192.1, 536894
NZ_CM142192.1, 1509194
NZ_CM142192.1, 1509195
NZ_CM142192.1, 2680398
NZ_CM142192.1, 2936991
NZ_CM142192.1, 4198234
NZ_CM142192.1, 4624892
NZ_CM142192.1, 29428
NZ_CM142192.1, 35437
NZ_CM142192.1, 2765424
NZ_CM142192.1, 3140111
NZ_CM142192.1, 3251689
NZ_CM142192.1, 4010813
NZ_CM142192.1, 4441242
NZ_CM142192.1, 5023120
NZ_CM142192.1, 2902274
NZ_CM142192.1, 3911754
NZ_CM142192.1, 3931076
NZ_CM142192.1, 4977747
NZ_CM142192.1, 294644
NZ_CM142192.1, 755724
NZ_CM142192.1, 846860
NZ_CM142192.1, 889884
NZ_CM142192.1, 984965
NZ_CM142192.1, 1465682
NZ_CM142192.1, 1537525
NZ_CM142192.1, 1688198
NZ_CM142192.1, 2513573
NZ_CM142192.1, 2598769
NZ_CM142192.1, 2598770
NZ_CM142192.1, 2717329
NZ_CM142192.1, 3360244
NZ_CM142192.1, 4263783
NZ_CM142192.1, 4762519
NZ_CM142192.1, 4744761
NZ_CM142192.1, 636655
NZ_CM142192.1, 734480
NZ_CM142192.1, 831242
NZ_CM142192.1, 876661
NZ_CM142192.1, 963428
NZ_CM142192.1, 1327070
NZ_CM142192.1, 1522805
NZ_CM142192.1, 1631934
NZ_CM142192.1, 2027007
NZ_CM142192.1, 2029309
NZ_CM142192.1, 2180214
NZ_CM142192.1, 2200127
NZ_CM142192.1, 2200128
NZ_CM142192.1, 2350385
NZ_CM142192.1, 2405128
NZ_CM142192.1, 2814451
NZ_CM142192.1, 2928692
NZ_CM142192.1, 2979443
NZ_CM142192.1, 3349738
NZ_CM142192.1, 4185341
NZ_CM142192.1, 4375199
NZ_CM142192.1, 4435272
NZ_CM142192.1, 4985572
NZ_CM142192.1, 1196879
NZ_CM142192.1, 1396648
NZ_CM142192.1, 2681511
NZ_CM142192.1, 3498698
NZ_CM142192.1, 3976401
NZ_CM142192.1, 4474507
NZ_CM142192.1, 1591343
NZ_CM142192.1, 4513183
NZ_CM142192.1, 78772
NZ_CM142192.1, 831705
NZ_CM142192.1, 1767416
NZ_CM142192.1, 2087247
NZ_CM142192.1, 2533304
NZ_CM142192.1, 2629101
NZ_CM142192.1, 2923132
NZ_CM142192.1, 3004339
NZ_CM142192.1, 3217285
NZ_CM142192.1, 3770881
NZ_CM142192.1, 4002985
NZ_CM142192.1, 4065403
NZ_CM142192.1, 4243024
NZ_CM142192.1, 4889905
NZ_CM142192.1, 4927801
NZ_CM142192.1, 743715
NZ_CM142192.1, 1066397
NZ_CM142192.1, 1768559
NZ_CM142192.1, 2073185
NZ_CM142192.1, 5030654
NZ_CM142192.1, 1441091
NZ_CM142192.1, 2895509
NZ_CM142192.1, 4663373
NZ_CM142192.1, 4778545
NZ_CM142192.1, 3875894
NZ_CM142192.1, 2543113
NZ_CM142192.1, 754477
NZ_CM142192.1, 982704
NZ_CM142192.1, 1537735
NZ_CM142192.1, 1727445
NZ_CM142192.1, 3179559
NZ_CM142192.1, 3422962
NZ_CM142192.1, 3427656
NZ_CM142192.1, 4757128
NZ_CM142192.1, 5020680
NZ_CM142192.1, 2792326
NZ_CM142192.1, 290713
NZ_CM142192.1, 1035602
NZ_CM142192.1, 4115385
NZ_CM142192.1, 2195457
NZ_CM142192.1, 2210036
NZ_CM142192.1, 3463733
NZ_CM142192.1, 4658174
NZ_CM142192.1, 2918325
NZ_CM142192.1, 770506
NZ_CM142192.1, 2757151
NZ_CM142192.1, 3086418
NZ_CM142192.1, 4479277
NZ_CM142192.1, 4862566
NZ_CM142192.1, 831707
NZ_CM142192.1, 962849
NZ_CM142192.1, 1230433
NZ_CM142192.1, 1387934
NZ_CM142192.1, 2235376
NZ_CM142192.1, 2359373
NZ_CM142192.1, 2924919
NZ_CM142192.1, 2934175
NZ_CM142192.1, 2979737
NZ_CM142192.1, 3181101
NZ_CM142192.1, 3845401
NZ_CM142192.1, 3999516
NZ_CM142192.1, 4495522
NZ_CM142192.1, 4629498
NZ_CM142192.1, 4772124
NZ_CM142192.1, 4967369
NZ_CM142192.1, 3355357
NZ_CM142192.1, 4082458
NZ_CM142192.1, 601268
NZ_CM142192.1, 1563424
NZ_CM142192.1, 1648393
NZ_CM142192.1, 2434706
NZ_CM142192.1, 3163468
NZ_CM142192.1, 3179374
NZ_CM142192.1, 3737920
NZ_CM142192.1, 3817412
NZ_CM142192.1, 4888366
NZ_CM142192.1, 1875676
NZ_CM142192.1, 1202374
NZ_CM142192.1, 1893362
NZ_CM142192.1, 2044160
NZ_CM142192.1, 2089955
NZ_CM142192.1, 4051649
NZ_CM142192.1, 4618209
NZ_CM142192.1, 3488496
NZ_CM142192.1, 780160
NZ_CM142192.1, 864445
NZ_CM142192.1, 1177521
NZ_CM142192.1, 1432271
NZ_CM142192.1, 2063119
NZ_CM142192.1, 2088227
NZ_CM142192.1, 2548509
NZ_CM142192.1, 3259991
NZ_CM142192.1, 3352420
NZ_CM142192.1, 3352421
NZ_CM142192.1, 3364660
NZ_CM142192.1, 3599067
NZ_CM142192.1, 4233638
NZ_CM142192.1, 4236542
NZ_CM142192.1, 535994
NZ_CM142192.1, 3120667
NZ_CM142192.1, 3102041
NZ_CM142192.1, 3141884
NZ_CM142192.1, 4770284
NZ_CM142192.1, 1561350
NZ_CM142192.1, 1561352
NZ_CM142192.1, 1561368
NZ_CM142192.1, 2891346
NZ_CM142192.1, 4103136
NZ_CM142192.1, 2185733
NZ_CM142192.1, 2430236
NZ_CM142192.1, 2237226
NZ_CM142192.1, 3917394
NZ_CM142192.1, 1737898
NZ_CM142192.1, 2176201
NZ_CM142192.1, 2215011
NZ_CM142192.1, 2276825
NZ_CM142192.1, 3733697
NZ_CM142192.1, 4095779
NZ_CM142192.1, 3080652
NZ_CM142192.1, 4044804
NZ_CM142192.1, 4616529
NZ_CM142192.1, 1520776
NZ_CM142192.1, 1597176
NZ_CM142192.1, 2227657
NZ_CM142192.1, 2376954
NZ_CM142192.1, 1535178
NZ_CM142192.1, 32838
NZ_CM142192.1, 32883
NZ_CM142192.1, 32899
NZ_CM142192.1, 38487
NZ_CM142192.1, 89586
NZ_CM142192.1, 193830
NZ_CM142192.1, 463024
NZ_CM142192.1, 592177
NZ_CM142192.1, 592192
NZ_CM142192.1, 676608
NZ_CM142192.1, 753771
NZ_CM142192.1, 753830
NZ_CM142192.1, 769309
NZ_CM142192.1, 769343
NZ_CM142192.1, 1172330
NZ_CM142192.1, 1282308
NZ_CM142192.1, 1375969
NZ_CM142192.1, 1380515
NZ_CM142192.1, 1417631
NZ_CM142192.1, 1527986
NZ_CM142192.1, 1537646
NZ_CM142192.1, 1539433
NZ_CM142192.1, 1539452
NZ_CM142192.1, 1603046
NZ_CM142192.1, 1603101
NZ_CM142192.1, 1769875
NZ_CM142192.1, 1801338
NZ_CM142192.1, 1869273
NZ_CM142192.1, 1932263
NZ_CM142192.1, 2124067
NZ_CM142192.1, 2124721
NZ_CM142192.1, 2124745
NZ_CM142192.1, 2130882
NZ_CM142192.1, 2170016
NZ_CM142192.1, 2226521
NZ_CM142192.1, 2229765
NZ_CM142192.1, 2240326
NZ_CM142192.1, 2240739
NZ_CM142192.1, 2320893
NZ_CM142192.1, 2320914
NZ_CM142192.1, 2349824
NZ_CM142192.1, 2349826
NZ_CM142192.1, 2408055
NZ_CM142192.1, 2408084
NZ_CM142192.1, 2414336
NZ_CM142192.1, 2437614
NZ_CM142192.1, 2437654
NZ_CM142192.1, 2455354
NZ_CM142192.1, 2472374
NZ_CM142192.1, 2472378
NZ_CM142192.1, 2506287
NZ_CM142192.1, 2509683
NZ_CM142192.1, 2587550
NZ_CM142192.1, 2663135
NZ_CM142192.1, 2693256
NZ_CM142192.1, 2701106
NZ_CM142192.1, 2709427
NZ_CM142192.1, 2722546
NZ_CM142192.1, 2872168
NZ_CM142192.1, 2926459
NZ_CM142192.1, 3055954
NZ_CM142192.1, 3080334
NZ_CM142192.1, 3201627
NZ_CM142192.1, 3294843
NZ_CM142192.1, 3692573
NZ_CM142192.1, 3811761
NZ_CM142192.1, 4001580
NZ_CM142192.1, 4473606
NZ_CM142192.1, 4520188
NZ_CM142192.1, 4715993
NZ_CM142192.1, 4716016
NZ_CM142192.1, 4856929
NZ_CM142192.1, 4856932
NZ_CM142192.1, 480345
NZ_CM142192.1, 2012938
NZ_CM142192.1, 3462315
NZ_CM142192.1, 3579166
NZ_CM142192.1, 4542146
NZ_CM142192.1, 2232160
NZ_CM142192.1, 2900821
NZ_CM142192.1, 146029
NZ_CM142192.1, 1283866
NZ_CM142192.1, 1545598
NZ_CM142192.1, 3346617
NZ_CM142192.1, 3437104
NZ_CM142192.1, 3437112
NZ_CM142192.1, 3437113
NZ_CM142192.1, 3696244
NZ_CM142192.1, 2053663
NZ_CM142192.1, 2192748
NZ_CM142192.1, 2337319
NZ_CM142192.1, 3610477
NZ_CM142192.1, 4886780
NZ_CM142192.1, 35405
NZ_CM142192.1, 711149
NZ_CM142192.1, 1873770
NZ_CM142192.1, 1878561
NZ_CM142192.1, 2357149
NZ_CM142192.1, 3096620
NZ_CM142192.1, 3133040
NZ_CM142192.1, 3936113
NZ_CM142192.1, 4102297
NZ_CM142192.1, 4140706
NZ_CM142192.1, 4349856
NZ_CM142192.1, 1017867
NZ_CM142192.1, 1460951
NZ_CM142192.1, 645526
NZ_CM142192.1, 735813
NZ_CM142192.1, 773717
NZ_CM142192.1, 1033575
NZ_CM142192.1, 1490518
NZ_CM142192.1, 1643763
NZ_CM142192.1, 1727580
NZ_CM142192.1, 2448138
NZ_CM142192.1, 2507045
NZ_CM142192.1, 3004418
NZ_CM142192.1, 3206729
NZ_CM142192.1, 4410782
NZ_CM142192.1, 4852058
NZ_CM142192.1, 5055690
NZ_CM142192.1, 50912
NZ_CM142192.1, 271579
NZ_CM142192.1, 337544
NZ_CM142192.1, 1094313
NZ_CM142192.1, 1475698
NZ_CM142192.1, 3322558
NZ_CM142192.1, 4010637
NZ_CM142192.1, 4446786
NZ_CM142192.1, 4771435
NZ_CM142192.1, 193835
NZ_CM142192.1, 193851
NZ_CM142192.1, 193859
NZ_CM142192.1, 708921
NZ_CM142192.1, 1058661
NZ_CM142192.1, 1283082
NZ_CM142192.1, 1754300
NZ_CM142192.1, 2039079
NZ_CM142192.1, 3692342
NZ_CM142192.1, 601264
NZ_CM142192.1, 29636
NZ_CM142192.1, 629037
NZ_CM142192.1, 762766
NZ_CM142192.1, 3019092
NZ_CM142192.1, 3432147
NZ_CM142192.1, 3686207
NZ_CM142192.1, 3791098
NZ_CM142192.1, 4926881
NZ_CM142192.1, 3209937
NZ_CM142192.1, 159660
NZ_CM142192.1, 2481303
NZ_CM142192.1, 2501842
NZ_CM142192.1, 1924173
NZ_CM142192.1, 2437179
NZ_CM142192.1, 2471468
NZ_CM142192.1, 2627394
NZ_CM142192.1, 2458801
NZ_CM142192.1, 3165483
NZ_CM142192.1, 4215843
NZ_CM142192.1, 4510975
NZ_CM142192.1, 4651784
NZ_CM142192.1, 27697
NZ_CM142192.1, 655218
NZ_CM142192.1, 984908
NZ_CM142192.1, 1008113
NZ_CM142192.1, 1667901
NZ_CM142192.1, 1762755
NZ_CM142192.1, 2018144
NZ_CM142192.1, 2045869
NZ_CM142192.1, 2544193
NZ_CM142192.1, 2912240
NZ_CM142192.1, 3250776
NZ_CM142192.1, 3276383
NZ_CM142192.1, 3277827
NZ_CM142192.1, 3281010
NZ_CM142192.1, 3346827
NZ_CM142192.1, 3442481
NZ_CM142192.1, 3448550
NZ_CM142192.1, 3595426
NZ_CM142192.1, 3769616
NZ_CM142192.1, 3781071
NZ_CM142192.1, 4247853
NZ_CM142192.1, 4418972
NZ_CM142192.1, 4447283
NZ_CM142192.1, 4524645
NZ_CM142192.1, 4537355
NZ_CM142192.1, 4764155
NZ_CM142192.1, 960637
NZ_CM142192.1, 261913
NZ_CM142192.1, 1350254
NZ_CM142192.1, 2254728
NZ_CM142192.1, 3237153
NZ_CM142192.1, 3743655
NZ_CM142192.1, 3937289
NZ_CM142192.1, 4517807
NZ_CM142192.1, 4542685
NZ_CM142192.1, 4572205
NZ_CM142192.1, 4602263
NZ_CM142192.1, 4625454
NZ_CM142192.1, 91446
NZ_CM142192.1, 584290
NZ_CM142192.1, 1645877
NZ_CM142192.1, 1945395
NZ_CM142192.1, 2462451
NZ_CM142192.1, 3195685
NZ_CM142192.1, 4396439
NZ_CM142192.1, 5018237
NZ_CM142192.1, 718628
NZ_CM142192.1, 606038
NZ_CM142192.1, 3169905
NZ_CM142192.1, 3834445
NZ_CM142192.1, 3842130
NZ_CM142192.1, 807176
NZ_CM142192.1, 2456254
NZ_CM142192.1, 3041121
NZ_CM142192.1, 4381070
NZ_CM142192.1, 4543615
NZ_CM142192.1, 459953
NZ_CM142192.1, 1174890
NZ_CM142192.1, 1243556
NZ_CM142192.1, 2753452
NZ_CM142192.1, 96589
NZ_CM142192.1, 4302252
NZ_CM142192.1, 2208794
NZ_CM142192.1, 272071
NZ_CM142192.1, 328037
NZ_CM142192.1, 778604
NZ_CM142192.1, 972340
NZ_CM142192.1, 1313826
NZ_CM142192.1, 1941531
NZ_CM142192.1, 2098598
NZ_CM142192.1, 2187958
NZ_CM142192.1, 2249352
NZ_CM142192.1, 2500842
NZ_CM142192.1, 2645408
NZ_CM142192.1, 3471918
NZ_CM142192.1, 4090501
NZ_CM142192.1, 4183482
NZ_CM142192.1, 4705917
NZ_CM142192.1, 4790809
NZ_CM142192.1, 2516606
NZ_CM142192.1, 471888
NZ_CM142192.1, 958680
NZ_CM142192.1, 1076718
NZ_CM142192.1, 3763372
NZ_CM142192.1, 3986052
NZ_CM142192.1, 4610091
NZ_CM142192.1, 1339924
NZ_CM142192.1, 1431983
NZ_CM142192.1, 1815907
NZ_CM142192.1, 1945785
NZ_CM142192.1, 2690324
NZ_CM142192.1, 3392425
NZ_CM142192.1, 4435466
NZ_CM142192.1, 4510408
NZ_CM142192.1, 1932521
NZ_CM142192.1, 2170089
NZ_CM142192.1, 2988783
NZ_CM142192.1, 2988807
NZ_CM142192.1, 3250512
NZ_CM142192.1, 3451756
NZ_CM142192.1, 3976384
NZ_CM142192.1, 3345362
NZ_CM142192.1, 136118
NZ_CM142192.1, 281955
NZ_CM142192.1, 760220
NZ_CM142192.1, 1230173
NZ_CM142192.1, 1424246
NZ_CM142192.1, 2198263
NZ_CM142192.1, 2703388
NZ_CM142192.1, 3117389
NZ_CM142192.1, 3434238
NZ_CM142192.1, 3783132
NZ_CM142192.1, 4477917
NZ_CM142192.1, 906140
NZ_CM142192.1, 954981
NZ_CM142192.1, 1425662
NZ_CM142192.1, 1609033
NZ_CM142192.1, 2073222
NZ_CM142192.1, 2500840
NZ_CM142192.1, 2523940
NZ_CM142192.1, 3101539
NZ_CM142192.1, 3199029
NZ_CM142192.1, 3887084
NZ_CM142192.1, 4408205
NZ_CM142192.1, 2745690
NZ_CM142192.1, 2747396
NZ_CM142192.1, 4631378
NZ_CM142192.1, 712550
NZ_CM142192.1, 2629059
NZ_CM142192.1, 2629084
NZ_CM142192.1, 2629107
NZ_CM142192.1, 2682007
NZ_CM142192.1, 3272540
NZ_CM142192.1, 4008081
NZ_CM142192.1, 4350362
NZ_CM142192.1, 4355158
NZ_CM142192.1, 1090120
NZ_CM142192.1, 1686848
NZ_CM142192.1, 1896256
NZ_CM142192.1, 3470474
NZ_CM142192.1, 3936151
NZ_CM142192.1, 4084471
NZ_CM142192.1, 4350230
NZ_CM142192.1, 4615736
NZ_CM142192.1, 4793895
NZ_CM142192.1, 4964184
NZ_CM142192.1, 2406748
NZ_CM142192.1, 625851
NZ_CM142192.1, 1868871
NZ_CM142192.1, 4233680
NZ_CM142192.1, 4971085
NZ_CM142192.1, 3102275
NZ_CM142192.1, 3262218
NZ_CM142192.1, 2013513
NZ_CM142192.1, 590810
NZ_CM142192.1, 2503023
NZ_CM142192.1, 171229
NZ_CM142192.1, 759451
NZ_CM142192.1, 773056
NZ_CM142192.1, 779102
NZ_CM142192.1, 935599
NZ_CM142192.1, 1012728
NZ_CM142192.1, 1016235
NZ_CM142192.1, 1186206
NZ_CM142192.1, 1313076
NZ_CM142192.1, 1619124
NZ_CM142192.1, 1927739
NZ_CM142192.1, 2026239
NZ_CM142192.1, 2065867
NZ_CM142192.1, 2109728
NZ_CM142192.1, 2170287
NZ_CM142192.1, 2176311
NZ_CM142192.1, 2176326
NZ_CM142192.1, 2176327
NZ_CM142192.1, 2206524
NZ_CM142192.1, 2214439
NZ_CM142192.1, 2592850
NZ_CM142192.1, 3882406
NZ_CM142192.1, 4020945
NZ_CM142192.1, 4590241
NZ_CM142192.1, 4953600
NZ_CM142192.1, 120608
NZ_CM142192.1, 857487
NZ_CM142192.1, 865242
NZ_CM142192.1, 2135923
NZ_CM142192.1, 2447071
NZ_CM142192.1, 2657506
NZ_CM142192.1, 3781709
NZ_CM142192.1, 3983734
NZ_CM142192.1, 4019984
NZ_CM142192.1, 4529375
NZ_CM142192.1, 1624600
NZ_CM142192.1, 3599896
NZ_CM142192.1, 281872
NZ_CM142192.1, 356775
NZ_CM142192.1, 361604
NZ_CM142192.1, 538708
NZ_CM142192.1, 630458
NZ_CM142192.1, 634952
NZ_CM142192.1, 636513
NZ_CM142192.1, 729393
NZ_CM142192.1, 1177813
NZ_CM142192.1, 1178565
NZ_CM142192.1, 1406257
NZ_CM142192.1, 1623374
NZ_CM142192.1, 1623620
NZ_CM142192.1, 1623627
NZ_CM142192.1, 1722540
NZ_CM142192.1, 1724767
NZ_CM142192.1, 1727182
NZ_CM142192.1, 1727530
NZ_CM142192.1, 1864198
NZ_CM142192.1, 1865326
NZ_CM142192.1, 1967268
NZ_CM142192.1, 2070476
NZ_CM142192.1, 2073307
NZ_CM142192.1, 2075006
NZ_CM142192.1, 2139096
NZ_CM142192.1, 2226458
NZ_CM142192.1, 2228055
NZ_CM142192.1, 2228105
NZ_CM142192.1, 2236303
NZ_CM142192.1, 2376762
NZ_CM142192.1, 2376785
NZ_CM142192.1, 2377512
NZ_CM142192.1, 2437496
NZ_CM142192.1, 2473006
NZ_CM142192.1, 2481142
NZ_CM142192.1, 2681866
NZ_CM142192.1, 2698072
NZ_CM142192.1, 2698429
NZ_CM142192.1, 2701258
NZ_CM142192.1, 2928133
NZ_CM142192.1, 2980099
NZ_CM142192.1, 3118099
NZ_CM142192.1, 3152467
NZ_CM142192.1, 3164657
NZ_CM142192.1, 3695866
NZ_CM142192.1, 3695891
NZ_CM142192.1, 3785611
NZ_CM142192.1, 3787390
NZ_CM142192.1, 3787411
NZ_CM142192.1, 3808751
NZ_CM142192.1, 4056783
NZ_CM142192.1, 4712400
NZ_CM142192.1, 4765493
NZ_CM142192.1, 5021960
NZ_CM142192.1, 58697
NZ_CM142192.1, 85054
NZ_CM142192.1, 820220
NZ_CM142192.1, 910889
NZ_CM142192.1, 1228072
NZ_CM142192.1, 2027229
NZ_CM142192.1, 3813185
NZ_CM142192.1, 3830406
NZ_CM142192.1, 4042688
NZ_CM142192.1, 4137077
NZ_CM142192.1, 4182685
NZ_CM142192.1, 1942014
NZ_CM142192.1, 2139621
NZ_CM142192.1, 1721477
NZ_CM142192.1, 2350061
NZ_CM142192.1, 4067887
NZ_CM142192.1, 2699477
NZ_CM142192.1, 2699478
NZ_CM142192.1, 1380832
NZ_CM142192.1, 1507210
NZ_CM142192.1, 1817257
NZ_CM142192.1, 2089880
NZ_CM142192.1, 2205852
NZ_CM142192.1, 3505388
NZ_CM142192.1, 4006204
NZ_CM142192.1, 4066600
NZ_CM142192.1, 44142
NZ_CM142192.1, 95156
NZ_CM142192.1, 609132
NZ_CM142192.1, 619117
NZ_CM142192.1, 963375
NZ_CM142192.1, 2096819
NZ_CM142192.1, 2138417
NZ_CM142192.1, 2264576
NZ_CM142192.1, 2443599
NZ_CM142192.1, 2569631
NZ_CM142192.1, 2710860
NZ_CM142192.1, 2931266
NZ_CM142192.1, 3253288
NZ_CM142192.1, 3354884
NZ_CM142192.1, 3821562
NZ_CM142192.1, 3823399
NZ_CM142192.1, 4855047
NZ_CM142192.1, 4936931
NZ_CM142192.1, 1766932
NZ_CM142192.1, 2767795
NZ_CM142192.1, 1861714
NZ_CM142192.1, 1058547
NZ_CM142192.1, 578300
NZ_CM142192.1, 1396418
NZ_CM142192.1, 1418354
NZ_CM142192.1, 2324360
NZ_CM142192.1, 2501174
NZ_CM142192.1, 2598857
NZ_CM142192.1, 2744863
NZ_CM142192.1, 4688429
NZ_CM142192.1, 444484
NZ_CM142192.1, 670327
NZ_CM142192.1, 2229423
NZ_CM142192.1, 4411088
NZ_CM142192.1, 534422
NZ_CM142192.1, 4416981
NZ_CM142192.1, 1086892
NZ_CM142192.1, 2471349
NZ_CM142192.1, 2823241
NZ_CM142192.1, 3494289
NZ_CM142192.1, 326709
NZ_CM142192.1, 810000
NZ_CM142192.1, 958280
NZ_CM142192.1, 1285203
NZ_CM142192.1, 1523446
NZ_CM142192.1, 1941657
NZ_CM142192.1, 2370178
NZ_CM142192.1, 2647294
NZ_CM142192.1, 3463864
NZ_CM142192.1, 3471960
NZ_CM142192.1, 3599001
NZ_CM142192.1, 3814117
NZ_CM142192.1, 3992818
NZ_CM142192.1, 4287415
NZ_CM142192.1, 4977552
NZ_CM142192.1, 1801938
NZ_CM142192.1, 2543760
NZ_CM142192.1, 2723735
NZ_CM142192.1, 3396367
NZ_CM142192.1, 4240915
NZ_CM142192.1, 4465431
NZ_CM142192.1, 2977799
NZ_CM142192.1, 326120
NZ_CM142192.1, 471270
NZ_CM142192.1, 501144
NZ_CM142192.1, 976047
NZ_CM142192.1, 2011960
NZ_CM142192.1, 2359555
NZ_CM142192.1, 2739535
NZ_CM142192.1, 3609293
NZ_CM142192.1, 3755379
NZ_CM142192.1, 4233444
NZ_CM142192.1, 4697896
NZ_CM142192.1, 4786133
NZ_CM142192.1, 2185109
NZ_CM142192.1, 3100951
NZ_CM142192.1, 332667
NZ_CM142192.1, 580195
NZ_CM142192.1, 962999
NZ_CM142192.1, 1064419
NZ_CM142192.1, 1224163
NZ_CM142192.1, 1359013
NZ_CM142192.1, 1368933
NZ_CM142192.1, 1727172
NZ_CM142192.1, 1936442
NZ_CM142192.1, 2021052
NZ_CM142192.1, 2026621
NZ_CM142192.1, 2043932
NZ_CM142192.1, 2253080
NZ_CM142192.1, 2275247
NZ_CM142192.1, 2497982
NZ_CM142192.1, 2658314
NZ_CM142192.1, 2662662
NZ_CM142192.1, 2701460
NZ_CM142192.1, 3387982
NZ_CM142192.1, 4006103
NZ_CM142192.1, 4025293
NZ_CM142192.1, 4539346
NZ_CM142192.1, 4604493
NZ_CM142192.1, 4639212
NZ_CM142192.1, 4869776
NZ_CM142192.1, 4888593
NZ_CM142192.1, 4967161
NZ_CM142192.1, 2039508
NZ_CM142192.1, 2232648
NZ_CM142192.1, 2272132
NZ_CM142192.1, 3094482
NZ_CM142192.1, 4178330
NZ_CM142192.1, 4988010
NZ_CM142192.1, 174204
NZ_CM142192.1, 322406
NZ_CM142192.1, 349352
NZ_CM142192.1, 349357
NZ_CM142192.1, 666898
NZ_CM142192.1, 1102635
NZ_CM142192.1, 1198279
NZ_CM142192.1, 1397672
NZ_CM142192.1, 1464981
NZ_CM142192.1, 2227993
NZ_CM142192.1, 3358048
NZ_CM142192.1, 4877617
NZ_CM142192.1, 584791
NZ_CM142192.1, 654221
NZ_CM142192.1, 1618287
NZ_CM142192.1, 1721478
NZ_CM142192.1, 2471299
NZ_CM142192.1, 2768194
NZ_CM142192.1, 3959329
NZ_CM142192.1, 51325
NZ_CM142192.1, 776449
NZ_CM142192.1, 820008
NZ_CM142192.1, 1630929
NZ_CM142192.1, 2216737
NZ_CM142192.1, 2274370
NZ_CM142192.1, 3802815
NZ_CM142192.1, 4499313
NZ_CM142192.1, 343153
NZ_CM142192.1, 655396
NZ_CM142192.1, 671607
NZ_CM142192.1, 962967
NZ_CM142192.1, 3769643
NZ_CM142192.1, 3803606
NZ_CM142192.1, 781443
NZ_CM142192.1, 2036564
NZ_CM142192.1, 3503511
NZ_CM142192.1, 87244
NZ_CM142192.1, 150523
NZ_CM142192.1, 710965
NZ_CM142192.1, 1200209
NZ_CM142192.1, 1230251
NZ_CM142192.1, 1230252
NZ_CM142192.1, 1347042
NZ_CM142192.1, 1743415
NZ_CM142192.1, 2079054
NZ_CM142192.1, 2185993
NZ_CM142192.1, 2320512
NZ_CM142192.1, 2352172
NZ_CM142192.1, 2407620
NZ_CM142192.1, 2494407
NZ_CM142192.1, 2537070
NZ_CM142192.1, 2935379
NZ_CM142192.1, 3055339
NZ_CM142192.1, 3248267
NZ_CM142192.1, 3273148
NZ_CM142192.1, 3602963
NZ_CM142192.1, 4009324
NZ_CM142192.1, 4485715
NZ_CM142192.1, 4628703
NZ_CM142192.1, 2183833
NZ_CM142192.1, 3231993
NZ_CM142192.1, 3919878
NZ_CM142192.1, 269744
NZ_CM142192.1, 1358880
NZ_CM142192.1, 1686833
NZ_CM142192.1, 3396481
NZ_CM142192.1, 4014037
NZ_CM142192.1, 1629076
NZ_CM142192.1, 2927041
NZ_CM142192.1, 3037901
NZ_CM142192.1, 4088604
NZ_CM142192.1, 2010407
NZ_CM142192.1, 2746545
NZ_CM142192.1, 4604869
NZ_CM142192.1, 993018
NZ_CM142192.1, 1417991
NZ_CM142192.1, 1839825
NZ_CM142192.1, 2360846
NZ_CM142192.1, 2497451
NZ_CM142192.1, 3886365
NZ_CM142192.1, 340092
NZ_CM142192.1, 972076
NZ_CM142192.1, 1006666
NZ_CM142192.1, 1388957
NZ_CM142192.1, 1635407
NZ_CM142192.1, 2274306
NZ_CM142192.1, 2350063
NZ_CM142192.1, 2353083
NZ_CM142192.1, 2359987
NZ_CM142192.1, 2667855
NZ_CM142192.1, 2931097
NZ_CM142192.1, 3021676
NZ_CM142192.1, 3369711
NZ_CM142192.1, 3503903
NZ_CM142192.1, 529307
NZ_CM142192.1, 667877
NZ_CM142192.1, 887024
NZ_CM142192.1, 1207707
NZ_CM142192.1, 1731245
NZ_CM142192.1, 2768032
NZ_CM142192.1, 3900707
NZ_CM142192.1, 4699232
NZ_CM142192.1, 2794435
NZ_CM142192.1, 1283872
NZ_CM142192.1, 2774349
NZ_CM142192.1, 1220611
NZ_CM142192.1, 174912
NZ_CM142192.1, 327095
NZ_CM142192.1, 2195234
NZ_CM142192.1, 3174449
NZ_CM142192.1, 3752638
NZ_CM142192.1, 3760502
NZ_CM142192.1, 3813063
NZ_CM142192.1, 4185169
NZ_CM142192.1, 4727551
NZ_CM142192.1, 666901
NZ_CM142192.1, 666940
NZ_CM142192.1, 314782
NZ_CM142192.1, 557603
NZ_CM142192.1, 1545286
NZ_CM142192.1, 4412373
NZ_CM142192.1, 4436695
NZ_CM142192.1, 93109
NZ_CM142192.1, 454163
NZ_CM142192.1, 1205551
NZ_CM142192.1, 2062790
NZ_CM142192.1, 2921128
NZ_CM142192.1, 184138
NZ_CM142192.1, 502012
NZ_CM142192.1, 854834
NZ_CM142192.1, 1224024
NZ_CM142192.1, 1352322
NZ_CM142192.1, 1700498
NZ_CM142192.1, 1711976
NZ_CM142192.1, 1938627
NZ_CM142192.1, 2231226
NZ_CM142192.1, 2319170
NZ_CM142192.1, 3737633
NZ_CM142192.1, 3981858
NZ_CM142192.1, 4388394
NZ_CM142192.1, 5017562
NZ_CM142192.1, 5029521
