sample,A>T,A>C,A>G,T>A,T>G,T>C,G>C,G>A,G>T,C>G,C>A,C>T
GCF_022068225.1_ASM2206822v1_genomic.fna.ref,0,0,0,0,0,0,0,0,0,0,0,0
SAMN13491241.fa,0,0,0,0,0,0,0,0,0,0,0,0
SAMN08028201.fa,0,0,0,0,0,0,0,0,0,0,0,0
SAMN13491528.fa,0,0,0,0,0,0,0,0,0,0,0,0
SAMN13491584.fa,0,0,0,0,0,0,0,0,0,0,0,0
SAMEA115795950.fa,1,1,2,1,1,1,0,1,1,1,0,3
SAMN08028155.fa,0,0,0,0,0,0,0,0,0,0,0,0
SAMEA2382748.fa,0,0,0,0,0,0,0,0,0,0,0,0
SAMN13491187.fa,0,3,5,1,3,1,1,2,2,2,2,1
SAMN08027898.fa,0,0,0,0,0,0,0,0,0,0,0,0
SAMN08028241.fa,0,0,0,0,0,0,0,0,0,0,0,0
SAMN07655397.fa,0,0,0,0,0,0,0,0,0,0,0,0
SAMN13491333.fa,0,0,0,0,0,0,0,0,0,0,0,0
SAMN08028030.fa,0,0,0,0,0,0,0,0,0,0,0,0
SAMN10343064.fa,0,0,0,0,0,0,0,0,0,0,0,0
SAMN10390000.fa,0,0,0,0,0,0,0,0,0,0,0,0
SAMN08028192.fa,0,0,0,0,0,0,0,0,0,0,0,0
SAMN13491202.fa,0,0,0,0,0,0,0,0,0,0,0,0
SAMEA2059258.fa,0,0,0,0,0,0,0,0,0,0,0,0
SAMN13491141.fa,0,0,0,0,0,0,0,0,0,0,0,0
SAMN07655709.fa,0,0,0,0,0,0,0,0,0,0,0,0
SAMN08028105.fa,0,0,0,0,0,0,0,0,0,0,0,0
SAMN13491297.fa,0,0,0,0,0,0,0,0,0,0,0,0
SAMN08027891.fa,0,0,0,0,0,0,0,0,0,0,0,0
SAMN08028131.fa,0,0,0,0,0,0,0,0,0,0,0,0
SAMN10343079.fa,0,0,0,0,0,0,0,0,0,0,0,0
SAMN08028143.fa,0,0,0,0,0,0,0,0,0,0,0,0
SAMN10343063.fa,0,0,0,0,0,0,0,0,0,0,0,0
SAMN10342923.fa,0,0,0,0,0,0,0,0,0,0,0,0
SAMN08027923.fa,0,0,0,0,0,0,0,0,0,0,0,0
SAMN13491230.fa,0,0,0,0,0,0,0,0,0,0,0,1
SAMN10343092.fa,0,0,0,0,0,0,0,0,0,0,0,0
SAMN13491632.fa,0,0,0,0,0,0,0,0,0,0,0,0
SAMN13491308.fa,0,0,0,0,0,0,0,0,0,0,0,0
SAMN08028182.fa,0,0,0,0,0,0,0,0,0,0,0,0
SAMN13491587.fa,0,0,0,0,0,0,0,0,0,0,0,0
SAMN08027933.fa,0,0,0,0,0,0,0,0,0,0,0,0
SAMN10343009.fa,0,0,0,0,0,0,0,0,0,0,0,0
SAMN13491118.fa,0,0,0,0,0,0,0,0,0,0,0,0
SAMEA2059572.fa,0,0,1,0,0,1,0,1,0,0,0,1
SAMN08028055.fa,0,0,0,0,0,0,0,0,0,0,0,0
SAMEA2060151.fa,0,0,1,0,0,0,0,1,0,0,0,0
SAMN07655563.fa,0,0,0,0,0,0,0,0,0,0,0,0
SAMN13491233.fa,0,0,0,0,0,0,0,0,0,0,0,0
SAMN07655400.fa,0,0,0,0,0,0,0,0,0,0,0,0
SAMN08028130.fa,0,0,0,0,0,0,0,0,0,0,0,0
SAMN13491295.fa,6,7,3,4,3,4,2,1,3,3,3,4
SAMN07655376.fa,0,0,0,0,0,0,0,0,0,0,0,0
SAMN05935875.fa,0,1,0,0,0,1,0,2,2,0,1,5
SAMN13491170.fa,1,2,0,0,3,0,1,2,2,0,1,2
SAMEA3221509.fa,0,1,2,0,0,4,0,6,1,0,1,10
SAMN08028057.fa,0,0,0,0,0,0,0,0,0,0,0,0
SAMN17390766.fa,0,0,1,0,0,0,0,0,0,0,1,0
SAMEA115180187.fa,0,1,3,0,0,1,0,8,2,0,2,12
SAMN07655410.fa,0,0,0,0,0,0,0,0,0,0,0,0
SAMN08028021.fa,0,0,0,0,0,0,0,0,0,0,0,0
SAMN10342986.fa,0,0,0,0,0,0,0,0,0,0,0,0
SAMN10343168.fa,0,0,0,0,0,0,0,0,0,0,0,0
SAMN13491210.fa,0,0,0,0,0,0,0,0,0,0,0,0
SAMN07655485.fa,0,0,0,0,0,0,0,0,0,0,0,0
SAMN10342981.fa,0,0,0,0,0,0,0,0,0,0,0,0
SAMN10342971.fa,0,0,0,0,0,0,0,0,0,0,0,0
SAMN07655640.fa,0,0,0,0,0,0,0,0,0,0,0,0
SAMN10343104.fa,0,0,0,0,0,0,0,0,0,0,0,0
SAMN08027970.fa,0,0,0,0,0,0,0,0,0,0,0,0
SAMN08027922.fa,0,0,0,0,0,0,0,0,0,0,0,0
SAMN13491501.fa,2,2,1,2,1,0,1,0,2,2,1,1
SAMN07655702.fa,0,0,0,0,0,0,0,0,0,0,0,0
SAMEA114520461.fa,0,1,2,1,1,4,0,7,1,0,0,4
SAMN07655434.fa,0,0,0,0,0,0,0,0,0,0,0,0
SAMEA10254809.fa,4,3,22,2,10,27,0,99,14,4,17,96
SAMEA115796882.fa,0,0,0,0,0,0,0,2,0,0,4,6
SAMN07655630.fa,0,0,0,0,0,0,0,0,0,0,0,0
SAMN08028175.fa,0,0,0,0,0,0,0,0,0,0,0,0
SAMN07655526.fa,0,0,0,0,0,0,0,0,0,0,0,0
SAMN08028200.fa,0,0,0,0,0,0,0,0,0,0,0,0
SAMN13491529.fa,0,0,0,0,0,0,0,0,0,0,0,0
SAMN10390068.fa,0,0,0,0,0,0,0,0,0,0,0,0
SAMN13491524.fa,0,0,0,0,0,0,0,0,0,0,0,0
SAMEA2239273.fa,1,0,1,0,0,0,0,3,2,0,0,5
SAMN13491558.fa,0,0,0,0,0,0,0,0,0,0,0,0
SAMN13491299.fa,0,0,0,0,0,0,0,0,0,0,0,0
SAMN08028203.fa,0,0,0,0,0,0,0,0,0,0,0,0
SAMN07655384.fa,0,0,0,0,0,0,0,0,0,0,0,0
SAMN13491425.fa,0,0,0,0,0,0,0,0,0,0,1,0
SAMN07655431.fa,0,0,0,0,0,0,0,0,0,0,0,0
SAMN13491212.fa,0,0,0,0,0,0,0,0,0,0,0,0
SAMN13491551.fa,0,0,0,0,0,0,0,0,0,0,0,0
SAMN07655634.fa,0,0,0,0,0,0,0,0,0,0,0,0
SAMN10342883.fa,0,0,0,0,0,0,0,0,0,0,0,0
SAMEA115795127.fa,0,0,1,0,1,0,1,0,1,0,0,2
SAMN10390027.fa,0,0,0,0,0,0,0,0,0,0,0,0
SAMN07655456.fa,0,0,0,0,0,0,0,0,0,0,0,0
SAMN08028046.fa,0,0,0,0,0,0,0,0,0,0,0,0
SAMN08028250.fa,0,0,0,0,0,0,0,0,0,0,0,0
SAMEA115796135.fa,0,1,1,0,0,1,0,3,0,0,0,2
SAMN13491598.fa,0,0,0,0,0,0,0,0,0,0,0,0
SAMN08027988.fa,0,0,0,0,0,0,0,0,0,0,0,0
SAMN10343046.fa,0,0,0,0,0,0,0,0,0,0,0,0
SAMN07655639.fa,0,0,0,0,0,0,0,0,0,0,0,0
SAMN13491438.fa,0,0,0,0,0,0,0,0,0,0,0,0
SAMN10343170.fa,0,0,0,0,0,0,0,0,0,0,0,0
SAMN07655609.fa,0,0,0,0,0,0,0,0,0,0,0,0
SAMN13491631.fa,0,0,0,0,0,0,0,0,0,0,0,0
SAMN13491647.fa,0,0,0,0,0,0,0,0,0,0,0,0
SAMN10343042.fa,0,0,1,0,0,0,0,0,0,0,0,0
SAMN17390666.fa,0,0,0,0,0,0,0,0,0,0,0,0
SAMN13491615.fa,0,0,0,0,0,0,0,0,0,0,0,0
SAMN13491140.fa,0,0,0,0,0,0,0,0,0,0,0,0
SAMN07655626.fa,0,0,0,0,0,0,0,0,0,0,0,0
SAMN08028249.fa,0,0,0,0,0,0,0,0,0,0,0,0
SAMN13491331.fa,0,0,0,0,0,0,0,0,0,0,0,0
SAMN07655502.fa,0,0,0,0,0,0,0,0,0,0,0,0
SAMN08028071.fa,0,0,0,0,0,0,0,0,0,0,0,0
SAMEA115795638.fa,0,0,0,0,0,0,0,1,0,0,0,0
SAMN08027944.fa,0,0,0,0,0,0,0,0,0,0,0,0
SAMN13491365.fa,10,6,8,9,12,7,3,5,10,7,9,6
SAMN07655662.fa,0,0,0,0,0,0,0,0,0,0,0,0
SAMN10342930.fa,0,0,0,0,0,0,0,0,0,0,0,0
SAMN07655518.fa,0,0,0,0,0,0,0,0,0,0,0,1
SAMN05935864.fa,0,1,1,0,0,1,0,6,4,0,3,7
SAMN08028222.fa,0,0,0,0,0,0,0,0,0,0,0,0
SAMN08028028.fa,0,0,0,0,0,0,0,0,0,0,0,0
SAMN10343152.fa,0,0,0,0,0,0,0,0,0,0,0,0
SAMN07655428.fa,0,0,0,0,0,0,0,0,0,0,0,0
SAMN10342979.fa,0,0,0,0,0,0,0,0,0,0,0,0
SAMN07655681.fa,0,0,0,0,0,0,0,0,0,0,0,0
SAMN13491383.fa,0,0,0,0,0,0,0,0,0,0,0,0
SAMN10390041.fa,0,0,0,0,0,0,0,0,0,0,0,0
SAMN13491660.fa,0,0,0,0,0,0,0,0,0,0,0,0
SAMN08028221.fa,0,0,0,0,0,0,0,0,0,0,0,0
SAMN13491469.fa,0,0,0,0,0,0,0,0,0,0,0,0
SAMN13491412.fa,0,0,0,0,0,0,0,0,0,0,0,0
SAMN13491496.fa,0,0,0,0,0,0,0,0,0,0,0,0
SAMN08027906.fa,0,0,0,0,0,0,0,0,0,0,0,0
SAMN10343003.fa,0,0,0,0,0,0,0,0,0,0,0,0
SAMN13491293.fa,0,0,0,0,0,2,0,0,0,1,0,0
SAMN07655408.fa,0,0,0,0,0,0,0,0,0,0,0,0
SAMEA2173373.fa,0,0,0,0,0,0,0,0,0,0,0,1
SAMN08027900.fa,0,0,0,0,0,0,0,0,0,0,0,0
SAMN13491312.fa,0,0,0,0,0,0,0,0,0,0,0,0
SAMN13491539.fa,0,0,0,0,0,0,0,0,0,0,0,0
SAMN13491582.fa,0,0,0,0,0,0,0,0,0,0,0,0
SAMN13491641.fa,0,0,0,0,0,0,0,0,0,0,0,0
SAMN07655691.fa,0,0,0,0,0,0,0,0,0,0,0,0
SAMN13491129.fa,0,0,0,0,0,0,0,0,0,0,0,0
SAMN08027986.fa,0,0,0,2,0,0,0,0,0,0,0,0
SAMN08028124.fa,0,0,0,0,0,0,0,0,0,0,0,0
SAMN08027979.fa,0,0,0,0,0,0,0,0,0,0,0,0
SAMN07655655.fa,0,0,0,0,0,0,0,0,0,0,0,0
SAMN10389998.fa,0,0,0,0,0,0,0,0,0,0,0,0
SAMN13491179.fa,5,9,8,5,6,5,3,4,6,6,4,8
SAMN13491583.fa,0,0,0,0,0,0,0,0,0,0,0,0
SAMN08028121.fa,0,0,0,0,0,0,0,0,0,0,0,0
SAMN08028235.fa,0,0,0,0,0,0,0,0,0,0,0,0
SAMN10343093.fa,0,0,0,0,0,0,0,0,0,0,0,0
SAMN08028168.fa,0,0,0,0,0,0,0,0,0,0,0,0
SAMN07655423.fa,0,0,0,0,0,0,0,0,1,0,0,0
SAMN07655546.fa,0,0,0,0,0,0,0,0,0,0,0,0
SAMN10390025.fa,0,0,0,0,0,0,0,0,0,0,0,0
SAMN13491167.fa,0,0,0,0,0,0,0,0,0,0,0,0
SAMN10342964.fa,0,0,0,0,0,0,0,0,0,0,0,0
SAMN07655339.fa,0,0,0,0,0,0,0,0,0,0,0,0
SAMN10343060.fa,0,0,0,0,0,0,0,0,0,0,0,0
SAMN08027978.fa,0,0,0,0,0,0,0,0,0,0,0,0
SAMN20398214.fa,0,0,0,1,0,0,0,0,0,0,0,0
SAMN10390012.fa,0,0,0,0,0,0,0,0,0,0,0,0
SAMN08027911.fa,0,0,0,0,0,0,0,0,0,0,0,0
SAMN13491355.fa,0,0,0,0,0,0,0,0,0,0,0,0
SAMN08027993.fa,0,0,0,0,0,0,0,0,0,0,0,0
SAMEA2521472.fa,0,0,3,0,0,0,0,2,0,0,1,4
SAMN13491574.fa,0,0,0,0,0,0,0,0,0,0,1,1
SAMN08028165.fa,0,0,0,0,0,0,0,0,0,0,0,0
SAMN08028106.fa,0,0,0,0,0,0,0,0,0,0,0,0
SAMN07655535.fa,0,0,0,0,0,0,0,0,0,0,0,0
SAMN10343139.fa,0,0,0,0,0,0,0,0,0,0,0,0
SAMN13491229.fa,0,0,0,0,0,0,0,0,0,0,0,1
SAMN10343173.fa,0,0,0,0,0,0,0,0,0,0,0,0
SAMEA4023973.fa,0,0,2,0,1,2,0,3,0,0,4,5
SAMN10343102.fa,0,0,0,0,0,0,0,0,0,0,0,0
SAMN38909801.fa,0,4,25,4,4,18,2,77,13,3,12,82
SAMN07655724.fa,0,0,0,0,0,0,0,0,0,0,0,0
SAMN07655651.fa,0,0,0,0,0,0,0,0,0,0,0,0
SAMEA4763470.fa,0,4,4,0,1,10,1,20,7,1,5,23
SAMEA2383004.fa,0,0,0,0,0,0,0,0,0,0,0,0
SAMN07655686.fa,0,0,0,0,0,0,0,0,0,0,0,0
SAMN08028141.fa,0,0,0,0,0,0,0,0,0,0,0,0
SAMN29878976.fa,0,0,0,0,0,1,0,0,0,0,0,0
SAMN13491442.fa,0,0,0,0,1,0,0,0,0,0,0,0
SAMN13491525.fa,0,0,0,0,0,0,0,0,0,0,0,0
SAMN08027947.fa,0,0,0,0,0,0,0,0,0,0,0,0
SAMN07655386.fa,0,0,0,0,0,0,0,0,0,0,0,0
SAMEA115795415.fa,0,0,0,0,0,0,0,0,0,0,0,0
SAMN08027887.fa,0,0,0,0,0,0,0,0,0,0,0,0
SAMN08028189.fa,0,0,0,0,0,0,0,0,0,0,0,0
SAMN08028140.fa,0,0,0,0,0,0,0,0,0,0,0,0
SAMN10343069.fa,0,0,0,0,0,0,0,0,0,0,0,0
SAMN10390035.fa,0,0,0,0,0,0,0,0,0,0,0,0
SAMEA2059259.fa,0,0,0,0,0,1,0,1,0,0,0,0
SAMN07655459.fa,0,0,0,0,0,0,0,0,0,0,0,0
SAMN08027958.fa,0,0,0,0,0,0,0,0,0,0,0,0
SAMN13491509.fa,0,0,0,0,0,0,0,0,0,0,0,0
SAMN07655373.fa,0,0,0,0,0,0,0,0,0,0,0,0
SAMN02738142.fa,0,0,0,0,1,1,0,4,1,0,1,3
SAMN08028032.fa,0,0,0,0,0,0,0,0,0,0,0,0
SAMN17390679.fa,0,0,0,0,0,0,0,0,0,0,0,0
SAMN05935797.fa,0,0,1,0,0,1,1,5,0,1,1,7
SAMN24060696.fa,0,0,0,0,0,0,1,0,0,0,0,0
SAMEA2335823.fa,0,0,0,0,0,0,0,0,0,0,0,0
SAMN13491236.fa,0,0,0,0,0,0,0,0,0,0,0,0
SAMN07655644.fa,0,0,0,0,0,0,0,0,0,0,0,0
SAMN41139542.fa,0,0,0,0,0,0,0,2,1,0,0,2
SAMN08028245.fa,0,1,0,0,0,0,0,0,0,0,0,0
SAMN13491235.fa,0,0,0,0,0,0,0,1,0,0,0,0
SAMN07655504.fa,0,0,0,0,0,0,0,0,0,0,0,0
SAMN10343083.fa,0,0,0,0,0,0,0,0,0,0,0,0
SAMN13491314.fa,0,0,0,0,0,0,0,0,0,0,0,0
SAMN10342931.fa,0,0,0,0,0,0,0,0,0,0,0,0
SAMN08028204.fa,0,0,0,0,0,0,0,0,0,0,0,0
SAMN13491419.fa,0,0,0,0,0,0,0,0,0,0,0,0
SAMN08028176.fa,0,0,0,0,0,0,0,0,0,0,0,0
SAMEA3714134.fa,6,1,26,1,2,18,4,79,13,3,13,73
SAMN08028144.fa,0,0,0,0,0,0,0,0,0,0,0,0
SAMEA5980620.fa,2,5,14,1,2,5,2,28,9,0,4,32
SAMEA115795756.fa,0,0,2,0,0,2,1,7,1,0,3,1
SAMN13491555.fa,0,0,0,0,0,0,0,0,0,0,0,0
SAMEA4022210.fa,0,0,0,0,0,0,0,0,0,0,0,0
SAMN10343038.fa,0,0,0,0,0,0,0,0,0,0,0,0
SAMEA2151545.fa,0,0,0,0,0,0,0,6,0,0,0,3
SAMN13491480.fa,0,0,0,0,0,0,0,0,0,0,0,0
SAMN10342956.fa,0,0,0,0,0,0,0,0,0,0,0,0
SAMEA103953579.fa,0,0,0,0,0,1,0,0,0,1,0,1
SAMN13491594.fa,0,0,0,0,0,0,0,0,0,0,0,0
SAMN10343106.fa,0,0,0,0,0,0,0,0,0,0,0,0
SAMN08028076.fa,0,0,0,0,0,0,0,0,0,0,0,0
SAMN13491133.fa,0,0,0,0,0,0,0,0,0,0,0,0
SAMN07655418.fa,0,0,0,0,0,0,0,0,0,0,0,0
SAMN13491189.fa,0,0,0,0,0,0,0,0,0,0,0,0
SAMN10343086.fa,0,0,0,0,0,0,0,0,0,0,0,0
SAMN10342955.fa,0,0,0,0,0,0,0,0,0,0,0,0
SAMEA114552330.fa,0,0,0,0,0,0,0,5,1,0,1,3
SAMN13491171.fa,0,0,0,0,0,0,0,0,0,0,0,0
SAMN13491563.fa,0,0,0,0,0,0,0,0,0,0,0,0
SAMN08028205.fa,0,0,0,0,0,0,0,0,0,0,0,0
SAMN10342957.fa,0,0,0,0,0,0,0,0,0,0,0,0
SAMEA4764035.fa,3,1,10,1,2,8,0,25,3,2,5,36
SAMN07655413.fa,0,0,0,0,0,0,0,0,0,0,0,0
SAMEA103953555.fa,0,1,0,0,0,0,0,1,0,0,0,0
SAMN08028085.fa,0,0,0,0,0,0,0,0,0,0,0,0
SAMEA115376448.fa,1,0,0,0,1,1,0,4,0,0,0,0
SAMN07655462.fa,0,0,0,0,0,0,0,0,0,0,0,0
SAMEA2167659.fa,0,1,0,0,0,0,0,4,0,0,0,5
SAMN08028013.fa,0,0,0,0,0,0,0,0,0,0,0,0
SAMN07655642.fa,0,0,0,0,0,0,0,0,0,0,0,0
SAMN07655701.fa,0,0,0,0,0,0,0,0,0,0,0,0
SAMN07655414.fa,0,0,0,0,0,0,0,0,0,0,0,0
SAMN10343162.fa,0,0,0,0,0,0,0,0,0,0,0,0
SAMN07655561.fa,0,0,0,0,0,0,0,0,0,0,0,0
SAMN10343125.fa,0,0,0,0,0,0,0,0,0,0,0,0
SAMN13491335.fa,0,0,0,0,0,0,0,0,0,0,0,0
SAMN07655505.fa,0,0,0,0,0,0,0,0,0,0,0,0
SAMN13491303.fa,0,0,0,0,0,0,0,0,0,0,0,0
SAMN10389999.fa,0,0,0,0,0,0,0,0,0,0,0,0
SAMN13491325.fa,0,0,0,0,0,1,0,0,0,0,0,0
SAMN08028153.fa,0,0,0,0,0,0,0,0,0,0,0,0
SAMN08027908.fa,0,0,0,0,0,0,0,0,0,0,0,0
SAMN13491415.fa,0,0,0,0,0,0,0,0,0,0,0,0
SAMN07655510.fa,0,0,0,0,0,0,0,0,0,0,0,0
SAMN10343087.fa,0,0,0,0,0,0,0,0,0,0,0,0
SAMN17390638.fa,0,0,1,0,1,1,0,6,1,1,2,7
SAMN10342973.fa,0,0,0,0,0,0,0,0,0,0,0,0
SAMN07655588.fa,0,0,0,0,0,0,0,0,0,0,0,0
SAMN07655432.fa,0,0,0,0,0,0,0,0,0,0,0,0
SAMEA104285104.fa,0,0,2,0,0,2,0,1,0,0,0,1
SAMN08028056.fa,0,0,0,0,0,0,0,0,0,0,0,0
SAMN07655516.fa,0,0,0,0,0,0,0,0,0,0,0,0
SAMEA2382618.fa,1,0,0,1,0,1,0,2,1,0,0,7
SAMN10342867.fa,0,0,0,0,0,0,0,0,0,0,0,0
SAMN07655372.fa,0,0,0,0,0,0,0,0,1,0,0,0
SAMN07655629.fa,0,0,0,0,0,0,0,0,0,0,0,0
SAMN08028157.fa,0,0,0,0,0,0,0,0,0,0,0,0
SAMN07655688.fa,0,0,0,0,0,0,0,0,0,0,0,0
SAMN10390001.fa,0,0,0,0,0,0,0,0,0,0,0,0
SAMN07655666.fa,0,0,0,0,0,0,0,0,0,0,0,0
SAMN08028113.fa,0,0,0,0,0,0,0,0,0,0,0,0
SAMN07655530.fa,0,0,0,0,0,0,0,0,0,0,0,0
SAMN13491430.fa,0,0,0,0,0,0,0,0,0,0,0,0
SAMN07655600.fa,0,0,0,0,0,0,0,0,0,0,0,0
SAMN08028114.fa,0,0,0,0,0,0,0,0,0,0,0,0
SAMN13491537.fa,0,0,0,0,0,0,0,0,0,0,0,0
SAMN13491204.fa,0,0,0,0,0,0,0,0,0,0,0,0
SAMN10342899.fa,0,0,0,0,0,0,0,0,0,0,0,0
SAMN07655389.fa,0,0,0,0,0,0,0,0,0,0,0,0
SAMN10342927.fa,0,0,0,0,0,0,0,0,0,0,0,0
SAMN10343089.fa,0,0,0,0,0,0,0,0,0,0,0,0
SAMN08028045.fa,0,0,0,0,0,0,0,0,0,0,0,0
SAMN13491426.fa,0,0,0,0,0,0,0,0,0,0,0,0
SAMEA104154623.fa,4,6,21,0,3,28,1,75,15,0,10,71
SAMN07655429.fa,0,0,0,0,0,0,0,0,0,0,0,0
SAMN08028052.fa,0,0,0,0,0,0,0,0,0,0,0,0
SAMN10342874.fa,0,0,0,0,0,0,0,0,0,0,0,0
SAMEA115795886.fa,0,0,1,0,0,1,0,0,0,0,0,1
SAMN10342969.fa,0,0,0,0,0,0,0,0,0,0,0,0
SAMN08028001.fa,0,0,0,0,0,0,0,0,0,0,0,0
SAMN07655598.fa,0,0,0,0,0,0,0,0,0,0,0,0
SAMN08028087.fa,0,0,0,0,0,0,0,0,0,0,0,0
SAMN13491231.fa,0,0,0,0,0,0,0,0,0,0,0,0
SAMN08027939.fa,0,0,0,0,0,0,0,0,0,0,0,0
SAMN13491121.fa,13,14,14,13,19,15,7,17,9,11,16,10
SAMN08027992.fa,0,0,0,0,0,0,0,0,0,0,0,0
SAMEA2335730.fa,0,0,0,0,0,0,0,0,0,0,0,0
SAMN10342881.fa,0,0,0,0,0,0,0,0,0,0,0,0
SAMN10342960.fa,0,0,0,0,0,0,0,0,0,0,0,0
SAMN10342900.fa,0,0,0,0,0,0,0,0,0,0,0,0
SAMN10390061.fa,0,0,0,0,0,0,0,0,0,0,0,0
SAMEA12364498.fa,1,2,1,1,2,1,0,3,1,0,1,9
SAMN13491512.fa,0,0,0,0,0,0,0,0,0,0,0,0
SAMN10343095.fa,0,0,0,0,0,0,0,0,0,0,0,0
SAMN13491458.fa,0,0,0,0,0,0,0,0,0,0,0,0
SAMEA4873976.fa,2,6,18,2,5,20,0,74,16,2,16,63
SAMN08027964.fa,0,0,0,0,0,0,0,0,0,0,0,0
SAMN08028115.fa,0,0,0,0,0,0,0,0,0,0,0,0
SAMN13491613.fa,0,0,0,0,0,0,0,0,0,0,0,0
SAMN13491346.fa,0,0,0,0,0,0,0,0,0,0,0,0
SAMEA5054392.fa,0,0,0,0,0,0,0,0,0,0,0,0
SAMN10343082.fa,0,0,0,0,0,0,0,0,0,0,0,0
SAMN07655668.fa,0,0,0,0,0,0,0,0,0,0,0,0
SAMN10390052.fa,0,0,0,0,0,0,1,0,0,0,0,0
SAMN08028116.fa,0,0,0,0,0,0,0,0,0,0,0,0
SAMN13491488.fa,0,0,0,0,0,0,0,0,0,0,0,0
SAMN07655682.fa,0,0,0,0,0,0,0,0,0,0,0,0
SAMEA4023165.fa,0,1,1,2,0,2,0,9,2,0,2,4
SAMEA4388160.fa,0,0,1,0,0,0,1,2,0,0,0,2
SAMN13491356.fa,0,0,0,0,0,0,0,0,0,0,0,0
SAMN08027987.fa,0,0,0,0,0,0,0,0,0,0,0,0
SAMN13491565.fa,0,0,0,0,0,0,0,0,0,0,0,0
SAMN38909850.fa,0,2,7,0,1,7,0,24,2,0,3,18
SAMN08028025.fa,0,0,0,0,0,0,0,0,0,0,0,0
SAMN10343006.fa,0,0,0,0,0,0,0,0,0,0,0,0
SAMN07655553.fa,0,0,0,0,0,0,0,0,0,0,0,0
SAMN07655659.fa,0,0,0,0,0,0,0,0,0,0,0,0
SAMN08028008.fa,0,0,0,0,0,0,0,0,0,0,0,0
SAMN07655350.fa,0,0,0,0,0,0,0,0,0,0,0,0
SAMN07655646.fa,0,0,0,0,0,0,0,0,0,0,0,0
SAMN07655624.fa,0,0,0,0,0,0,0,0,0,0,0,0
SAMN10343113.fa,0,0,0,0,0,0,0,0,0,0,0,0
SAMN10343099.fa,0,0,0,0,0,0,0,0,0,0,0,0
SAMN08027897.fa,0,0,0,0,0,0,0,0,0,0,0,0
SAMEA2238307.fa,0,0,0,0,0,1,0,2,2,0,0,1
SAMN10389996.fa,0,0,0,0,0,0,0,0,0,0,0,0
SAMN13491407.fa,0,0,0,0,0,0,0,0,0,0,0,0
SAMN13491618.fa,0,0,0,0,0,0,0,0,0,0,0,0
SAMN10389997.fa,0,0,0,0,0,0,0,0,0,0,0,0
SAMN13491117.fa,0,0,0,0,0,0,0,0,0,0,0,0
SAMN07655513.fa,0,0,0,0,0,0,0,0,0,0,0,0
SAMN07655564.fa,0,0,0,0,0,0,0,0,0,0,0,0
SAMEA2383252.fa,0,0,0,1,1,0,0,1,0,0,0,1
SAMN13491411.fa,0,0,0,0,0,0,0,0,0,0,0,0
SAMN13491464.fa,0,0,0,0,0,0,0,0,0,0,0,0
SAMEA2059730.fa,0,0,1,0,0,0,0,0,0,0,1,0
SAMN10343145.fa,0,0,0,0,0,0,0,0,0,0,0,0
SAMN13491645.fa,0,0,0,0,0,0,0,0,0,0,0,0
SAMN08028004.fa,0,0,0,0,0,0,0,0,0,0,0,0
SAMN08027956.fa,0,0,0,0,0,0,0,0,0,0,0,0
SAMEA4022986.fa,0,0,1,0,0,0,2,2,1,0,0,2
SAMN08028169.fa,0,0,0,0,0,0,0,0,0,0,0,0
SAMN13491316.fa,0,0,0,0,0,0,0,0,0,0,0,0
SAMN13491536.fa,0,0,0,0,0,0,0,0,0,0,0,0
SAMN08028061.fa,0,0,0,0,0,0,0,0,0,0,0,0
SAMN13491648.fa,0,0,0,0,0,0,0,0,0,0,0,0
SAMN10390042.fa,0,0,0,0,0,0,0,0,0,0,0,0
SAMN07655635.fa,0,0,0,0,0,0,0,0,0,0,0,0
SAMN13491498.fa,0,0,0,0,0,0,0,0,0,0,0,0
SAMN07655461.fa,0,0,0,0,0,0,0,0,0,0,0,0
SAMN13491576.fa,0,0,0,0,0,0,0,0,0,0,0,1
SAMEA115796381.fa,0,0,0,0,0,1,0,1,0,0,0,0
SAMN13491461.fa,0,0,0,0,0,0,0,0,0,0,0,0
SAMN13491531.fa,0,0,0,0,0,0,0,0,0,0,0,0
SAMEA4023017.fa,0,0,8,0,0,4,0,8,3,0,3,13
SAMEA115795003.fa,0,0,0,0,0,0,0,1,0,0,0,0
SAMN13491417.fa,0,0,0,0,0,0,0,0,0,0,0,0
SAMN24060697.fa,0,0,0,0,0,0,0,0,0,0,0,0
SAMEA2696596.fa,0,0,1,0,2,2,0,6,1,0,1,7
SAMEA3354180.fa,3,11,28,13,7,34,1,89,19,3,21,87
SAMN08028069.fa,0,0,0,0,0,0,0,0,0,0,0,0
SAMN13491665.fa,0,0,0,0,0,0,0,0,0,0,0,0
SAMEA3714453.fa,0,0,0,0,0,0,0,1,0,0,0,1
SAMN08027963.fa,0,0,0,0,0,0,0,0,0,0,0,0
SAMEA2059074.fa,0,0,0,0,1,1,0,7,2,0,1,10
SAMN07655369.fa,0,0,0,0,0,0,0,0,0,0,0,0
SAMN07655664.fa,0,0,0,0,0,0,0,0,0,0,0,0
SAMN07655680.fa,0,0,0,0,0,0,0,0,0,0,0,0
SAMN13491502.fa,0,0,0,0,0,0,0,0,0,0,0,0
SAMN07655562.fa,0,0,0,0,0,0,0,0,0,0,0,0
SAMEA5980761.fa,0,0,0,0,0,2,0,0,0,0,1,5
SAMEA1968278.fa,0,0,2,1,0,2,1,6,1,1,6,10
SAMN08028197.fa,0,0,0,0,0,0,0,0,0,0,0,0
SAMEA2382794.fa,0,0,0,0,0,0,0,3,0,0,3,7
SAMN08027949.fa,0,0,0,0,0,0,0,0,0,0,0,0
SAMN10342865.fa,0,0,0,0,0,0,0,0,0,0,0,1
SAMN29878979.fa,0,0,1,0,0,0,0,0,0,0,0,1
SAMN13491443.fa,0,0,0,0,0,0,0,0,0,0,0,0
SAMN08027883.fa,0,0,0,0,0,0,0,0,0,0,0,0
SAMN08028000.fa,0,0,0,0,0,0,0,0,0,0,0,0
SAMN07655497.fa,0,0,0,0,0,0,0,0,0,0,0,0
SAMN33314354.fa,0,0,1,0,0,0,0,0,0,0,0,2
SAMN07655353.fa,0,0,0,0,0,0,0,0,0,0,0,0
SAMN07655707.fa,0,0,0,0,0,0,0,0,0,0,0,0
SAMN10343020.fa,0,0,0,0,0,0,0,0,0,0,0,0
SAMN13491571.fa,0,0,0,0,0,0,0,0,0,0,0,0
SAMN08028138.fa,0,0,0,0,0,0,0,0,0,0,0,0
SAMN08028097.fa,0,0,0,0,0,0,0,0,0,0,0,0
SAMEA3172944.fa,0,1,2,0,1,1,1,9,1,1,0,3
SAMN13491454.fa,0,0,0,0,0,0,0,0,0,0,0,0
SAMN07655334.fa,0,0,0,0,0,0,0,0,0,0,0,0
SAMN08028118.fa,0,0,0,0,0,0,0,0,0,0,0,0
SAMN07655604.fa,0,0,0,0,0,0,0,0,0,0,0,0
SAMN07655442.fa,0,0,0,0,0,0,0,0,0,0,0,0
SAMN07655332.fa,0,0,0,0,0,0,0,0,0,0,0,0
SAMN10342982.fa,0,0,0,0,0,0,0,0,0,0,0,0
SAMN13491197.fa,0,0,0,0,0,0,0,0,0,0,0,0
SAMN29878980.fa,0,0,0,0,0,0,0,0,0,0,0,0
SAMN08027961.fa,0,0,0,0,0,0,0,0,0,0,0,0
SAMN13491315.fa,0,0,0,0,0,0,0,0,0,0,0,0
SAMN10343126.fa,0,0,0,0,0,0,0,0,0,0,0,0
SAMN13491330.fa,15,19,24,16,18,21,13,12,16,21,17,14
SAMN10342878.fa,0,0,0,0,0,0,0,0,0,0,0,0
SAMN08028196.fa,0,0,0,0,0,0,0,0,0,0,0,0
SAMN13491157.fa,4,6,5,8,3,8,3,7,8,1,5,7
SAMN10342929.fa,0,0,0,0,0,0,0,0,0,0,0,0
SAMN10342889.fa,0,0,0,0,0,0,0,0,0,0,0,0
SAMN08027902.fa,0,0,0,0,0,0,0,0,0,0,0,0
SAMN07655439.fa,1,3,2,4,1,3,5,2,2,1,4,1
SAMN13491516.fa,0,0,0,0,0,0,0,0,0,0,0,0
SAMN10343059.fa,0,0,0,0,0,0,0,0,0,0,0,0
SAMN10390063.fa,0,0,0,0,0,0,0,0,0,0,0,0
SAMN10342866.fa,0,0,0,0,0,0,0,0,0,0,0,0
SAMN07655554.fa,0,0,0,0,0,0,0,0,0,0,0,0
SAMN07655325.fa,0,0,0,0,0,0,0,0,0,0,0,0
SAMN13491445.fa,0,0,0,0,0,0,0,0,0,0,0,0
SAMEA2167632.fa,0,0,0,0,1,0,0,3,1,0,1,2
SAMN08028068.fa,0,0,0,0,0,0,0,0,0,0,0,0
SAMN07655718.fa,0,0,0,0,0,0,0,0,0,0,0,0
SAMN08028215.fa,0,0,0,0,0,0,0,0,0,0,0,0
SAMN13491185.fa,0,0,0,0,0,0,0,0,0,0,0,0
SAMN08028161.fa,0,0,0,0,0,0,0,0,0,0,0,0
SAMN08028244.fa,0,0,0,0,0,0,0,0,0,0,0,0
SAMN13491526.fa,0,0,0,0,0,0,0,0,0,0,0,0
SAMN13491673.fa,0,0,0,0,0,0,0,0,0,0,0,0
SAMN07655406.fa,0,0,0,0,0,0,0,0,0,0,0,0
SAMN10389979.fa,0,0,0,0,0,0,0,0,0,0,0,0
SAMN08027876.fa,0,0,0,0,0,0,0,0,0,0,0,0
SAMN08027951.fa,0,0,0,0,0,0,0,0,0,0,0,0
SAMN13491541.fa,0,0,0,0,0,0,0,0,0,0,0,0
SAMN08027930.fa,0,0,0,0,0,0,0,0,0,0,0,0
SAMN10342947.fa,0,0,0,0,0,0,0,0,0,0,0,0
SAMN07655596.fa,0,0,0,0,0,0,0,0,0,0,0,0
SAMN10390017.fa,0,0,0,0,0,0,0,0,0,0,0,0
SAMN07655566.fa,0,0,0,0,0,0,0,0,0,0,0,0
SAMN13491280.fa,0,0,0,0,0,0,0,0,0,0,0,0
SAMN13491622.fa,0,0,0,0,0,0,0,0,0,0,0,0
SAMN10342869.fa,0,0,0,0,0,0,0,0,0,0,0,0
SAMEA115532199.fa,0,1,1,0,1,2,0,4,1,0,2,9
SAMN10342887.fa,0,0,0,0,0,0,0,0,0,0,0,0
SAMEA2674645.fa,0,0,0,0,0,0,0,0,0,0,0,0
SAMN07655636.fa,0,0,0,0,0,0,0,0,0,0,0,0
SAMN08028120.fa,0,0,0,0,0,0,0,0,0,0,0,0
SAMN07655426.fa,0,0,0,0,0,0,0,0,0,0,0,0
SAMN10390051.fa,0,0,0,0,0,0,0,0,0,0,0,0
SAMN07655560.fa,0,0,0,0,0,0,0,0,0,0,0,0
SAMN07655654.fa,0,0,0,0,0,0,0,0,0,0,0,0
SAMN29878972.fa,0,0,0,0,0,0,0,0,0,0,0,0
SAMN07655346.fa,0,0,0,0,0,0,0,0,0,0,0,0
SAMN08027998.fa,0,0,0,0,0,0,0,0,0,0,0,0
SAMN10342884.fa,0,0,0,0,0,0,0,0,0,0,0,0
SAMN07655379.fa,0,0,0,0,0,0,0,0,0,0,0,0
SAMN13491127.fa,0,0,0,0,0,0,0,0,0,0,0,0
SAMN13491300.fa,0,0,0,0,0,0,0,0,0,0,0,0
SAMN13491357.fa,0,0,0,0,0,0,0,0,0,1,0,0
SAMN13491269.fa,0,0,0,0,0,0,0,0,0,0,0,0
SAMN13491196.fa,0,0,0,0,0,0,0,0,0,0,0,0
SAMN07655638.fa,0,0,0,0,0,0,0,0,0,0,0,0
SAMEA24659668.fa,0,0,0,0,0,0,0,0,0,0,1,0
SAMN13491601.fa,0,0,0,0,0,0,0,0,0,0,0,0
SAMN08028104.fa,0,0,0,0,0,0,0,0,0,0,0,0
SAMN10343121.fa,0,0,0,0,0,0,0,0,0,0,0,0
SAMEA114212205.fa,1,1,3,0,0,3,0,6,1,0,1,4
SAMN08028149.fa,0,0,0,0,0,0,0,0,0,0,0,0
SAMN41762026.fa,0,2,1,0,0,2,0,3,0,0,0,6
SAMN13491475.fa,0,0,0,0,0,0,0,0,0,0,0,0
SAMN08028062.fa,0,0,0,0,0,0,0,0,0,0,0,0
SAMN10390028.fa,0,0,0,0,0,0,0,0,0,0,0,0
SAMN08028193.fa,0,0,0,0,0,0,0,0,0,0,0,0
SAMN07655557.fa,0,0,0,0,0,0,0,0,0,0,0,0
SAMN07655687.fa,0,0,0,0,0,0,0,0,0,0,0,0
SAMN07655388.fa,0,0,0,0,0,0,0,0,0,0,0,0
SAMN10342943.fa,0,0,0,0,0,0,0,0,0,0,0,0
SAMN08027985.fa,0,0,0,0,0,0,0,0,0,0,0,0
SAMN08028180.fa,0,0,0,0,0,0,0,0,0,0,0,0
SAMEA115796189.fa,0,1,0,0,1,0,0,4,0,0,0,5
SAMN08028083.fa,0,0,0,0,0,0,0,0,0,0,0,0
SAMN13491595.fa,0,0,0,0,0,0,0,0,0,0,0,0
SAMN10343150.fa,0,0,0,0,0,0,0,0,0,0,0,0
SAMN10343100.fa,0,0,0,0,0,0,0,0,0,0,0,0
SAMEA2674700.fa,0,1,1,0,0,5,0,9,3,0,1,9
SAMN07655710.fa,0,0,0,0,0,0,0,0,0,0,0,0
SAMEA10427892.fa,0,0,1,0,0,0,0,2,1,0,0,2
SAMN10390003.fa,0,0,0,0,0,0,0,0,0,0,0,0
SAMEA3388891.fa,0,0,0,0,0,0,0,0,0,0,0,0
SAMN08028093.fa,0,0,0,0,0,0,0,0,0,0,0,0
SAMN08028006.fa,0,0,0,0,0,0,0,0,0,0,0,0
SAMN13491351.fa,0,0,0,0,0,0,0,0,0,0,0,0
SAMN07655656.fa,0,0,0,0,0,0,0,0,0,0,0,0
SAMN08027905.fa,1,0,1,0,0,0,0,0,0,0,0,0
SAMN08028136.fa,0,0,0,0,0,0,0,0,0,0,0,0
SAMN07655437.fa,0,0,0,0,0,0,0,0,0,0,0,0
SAMN07655498.fa,0,0,0,0,0,0,0,0,0,0,0,0
SAMN08028152.fa,0,0,0,0,0,0,0,0,0,0,0,0
SAMEA115796935.fa,4,3,26,2,11,24,2,69,14,5,16,78
SAMN08027977.fa,0,0,0,0,0,0,0,0,0,0,1,0
SAMEA3175855.fa,4,2,19,1,9,24,1,80,17,2,15,69
SAMN13491406.fa,0,0,0,0,0,0,0,0,0,0,0,0
SAMN13491337.fa,0,0,0,0,0,0,0,0,0,0,0,0
SAMN17390693.fa,0,0,0,0,0,1,0,0,0,0,0,0
SAMN08028041.fa,0,0,0,0,0,0,0,0,0,0,0,0
SAMN07655719.fa,0,0,0,0,0,0,0,0,0,0,0,0
SAMN07655393.fa,0,0,0,0,0,0,0,0,0,0,0,0
SAMN41765233.fa,0,0,0,0,0,0,1,1,0,0,0,0
SAMN08028044.fa,0,0,0,0,1,0,0,0,0,0,0,0
SAMN07655390.fa,0,0,0,0,0,0,0,0,0,0,0,0
SAMN13491543.fa,0,0,0,0,0,0,0,0,0,0,0,0
SAMN13491463.fa,0,0,0,0,0,0,0,0,0,0,0,0
SAMN10343130.fa,0,0,0,0,0,0,0,1,0,0,0,0
SAMN13491180.fa,0,0,0,0,0,0,0,0,0,0,0,0
SAMN10390039.fa,0,0,0,0,0,0,0,0,0,0,0,0
SAMEA2797219.fa,0,0,0,0,0,1,0,1,2,0,1,2
SAMN13491578.fa,0,0,0,0,0,0,0,0,0,0,0,0
SAMN10343134.fa,0,0,0,0,0,0,0,0,0,0,0,0
SAMN08027925.fa,0,0,0,0,0,0,0,0,0,0,0,0
SAMN10343071.fa,0,0,0,0,0,0,0,0,0,0,0,0
SAMN13491544.fa,0,0,0,0,0,0,0,0,0,0,0,0
SAMN07655661.fa,0,0,0,0,0,0,0,0,0,0,0,0
SAMEA1930136.fa,0,0,0,0,0,0,0,0,0,0,0,0
SAMEA4024513.fa,1,0,1,0,0,3,0,2,2,0,0,1
SAMN08028079.fa,0,0,0,0,0,0,0,0,0,0,0,0
SAMN07655322.fa,0,0,0,0,0,0,0,0,0,0,0,0
SAMN10342985.fa,0,0,0,0,0,0,0,0,0,0,0,0
SAMEA115796227.fa,0,0,0,0,0,0,0,1,0,0,0,2
SAMN07655324.fa,0,0,0,0,0,0,0,0,0,0,0,0
SAMN10389993.fa,0,0,0,0,0,0,0,0,0,0,0,0
SAMN17390668.fa,0,0,0,1,0,0,0,0,0,0,0,0
SAMN10343026.fa,0,0,0,0,0,0,0,0,0,0,0,0
SAMN08028072.fa,0,0,0,0,0,0,0,0,0,0,0,0
SAMN08028108.fa,0,0,0,0,0,0,1,0,0,0,0,0
SAMN13491287.fa,0,0,0,0,0,0,0,0,0,0,0,0
SAMN07655568.fa,0,0,0,0,0,0,0,0,0,0,0,0
SAMEA4733106.fa,0,0,0,0,0,1,0,2,0,1,2,1
SAMN07655720.fa,0,0,0,0,0,0,0,0,0,0,0,0
SAMN13491318.fa,0,0,0,0,0,0,0,0,0,0,0,0
SAMEA2058682.fa,0,0,0,0,0,0,0,0,0,0,0,0
SAMN07655610.fa,0,0,0,0,0,0,0,0,0,0,0,0
SAMN10343138.fa,0,0,0,0,0,0,0,0,0,0,0,0
SAMN13491658.fa,0,0,0,0,0,0,0,0,0,0,0,0
SAMEA2059569.fa,0,0,1,0,0,2,0,5,1,0,0,0
SAMN13491373.fa,0,0,0,0,1,0,0,0,0,0,0,1
SAMN13491270.fa,0,0,0,0,0,0,0,0,0,0,0,0
SAMN27738008.fa,0,0,0,1,0,1,0,3,1,0,0,3
SAMN10343018.fa,0,0,0,0,0,0,0,0,0,0,0,0
SAMN07655444.fa,0,0,0,0,0,0,0,0,0,0,0,0
SAMN08027894.fa,0,0,0,0,0,0,0,0,0,0,0,0
SAMN07655471.fa,0,0,0,0,0,0,0,0,0,0,0,0
SAMN07655627.fa,0,0,0,0,0,0,0,0,0,0,0,0
SAMN07655599.fa,0,0,0,0,0,0,0,0,0,0,0,0
SAMN14158270.fa,0,1,0,0,0,0,0,0,0,0,0,2
SAMN13491367.fa,2,0,1,2,3,1,1,1,1,0,4,1
SAMEA3175679.fa,0,2,8,3,0,6,0,13,5,0,4,12
SAMEA3431568.fa,0,2,8,2,1,7,0,22,2,0,4,15
SAMN13491635.fa,0,0,0,0,0,0,0,0,0,0,0,0
SAMEA4763483.fa,0,9,27,2,8,19,6,80,13,2,16,89
SAMEA2814298.fa,2,8,16,6,2,16,3,75,9,1,14,66
SAMN07655649.fa,0,0,0,0,0,0,0,0,0,0,0,0
SAMN24060690.fa,0,0,0,0,0,0,0,0,0,0,0,0
SAMEA104141665.fa,1,1,8,1,1,12,1,34,10,1,4,28
SAMN13491378.fa,0,0,0,0,0,0,0,0,0,0,0,0
SAMN07655652.fa,0,0,0,0,0,0,0,0,0,0,0,0
SAMN10342926.fa,0,0,0,0,0,0,0,0,0,0,0,0
SAMN13491176.fa,0,0,0,0,0,0,0,0,0,0,0,0
SAMN10343098.fa,0,0,0,0,0,0,0,0,0,0,0,0
SAMN07655632.fa,0,0,0,0,0,0,0,0,0,0,0,0
SAMN08027953.fa,0,0,0,0,0,0,0,0,0,0,0,0
SAMN13491521.fa,0,0,0,0,0,0,0,0,0,0,0,0
SAMN10343091.fa,0,0,0,0,0,0,0,0,0,0,0,0
SAMN08027903.fa,0,0,0,0,0,0,0,0,0,0,0,0
SAMN10390066.fa,0,0,0,0,0,0,0,0,0,0,0,0
SAMN10343073.fa,0,0,0,0,0,0,0,0,0,0,0,0
SAMN08028227.fa,0,0,0,0,0,0,0,0,0,0,0,1
SAMN10343156.fa,0,0,0,0,0,0,0,0,0,0,0,0
SAMN10342910.fa,0,0,0,0,0,0,0,0,0,0,0,0
SAMEA2239208.fa,0,0,0,0,0,0,0,0,0,0,0,0
SAMEA2796499.fa,0,1,2,0,0,0,0,3,1,0,0,2
SAMN10342963.fa,0,0,0,0,0,0,0,0,0,0,0,0
SAMN13491457.fa,0,0,0,0,0,0,1,0,1,0,0,0
SAMEA104154317.fa,5,3,29,5,10,16,1,90,13,2,13,90
SAMEA2239177.fa,0,0,0,0,0,1,0,3,0,0,0,2
SAMN13491669.fa,0,0,0,0,0,0,0,0,0,0,0,0
SAMN08028133.fa,0,0,1,0,0,0,0,0,0,0,0,0
SAMN07655650.fa,0,0,0,0,0,0,0,0,0,0,0,0
SAMEA4733246.fa,1,0,1,0,0,0,0,1,0,0,0,2
SAMN13491460.fa,0,0,0,0,0,0,0,0,0,0,0,0
SAMN13491511.fa,0,0,0,0,0,0,0,0,0,0,0,0
SAMN07655522.fa,0,0,0,0,0,0,0,0,0,0,0,0
SAMN10343110.fa,0,0,0,0,0,0,0,0,0,0,0,0
SAMN07655449.fa,0,0,0,0,0,0,0,0,0,0,0,0
SAMN07655567.fa,0,0,0,0,0,0,0,0,0,0,0,0
SAMN13491479.fa,0,0,0,0,0,0,0,0,0,0,0,0
SAMN10342875.fa,0,0,0,0,0,0,0,0,0,0,0,0
SAMN10342967.fa,0,0,0,0,0,0,0,0,0,0,0,0
SAMN13491429.fa,0,0,0,0,0,0,0,0,0,0,0,0
SAMN20397911.fa,2,8,19,0,6,26,2,69,8,1,15,67
SAMEA2382584.fa,0,0,1,0,0,0,0,3,0,0,0,6
SAMEA115797017.fa,1,2,1,0,0,1,1,3,1,0,0,3
SAMN10343049.fa,0,0,0,0,0,0,0,0,0,0,0,0
SAMN10342992.fa,0,0,0,0,0,0,0,0,0,0,0,0
SAMN13491446.fa,0,0,0,0,0,0,0,0,0,0,0,0
SAMN10342976.fa,0,0,0,0,0,0,0,0,0,0,0,0
SAMEA4022949.fa,0,0,1,0,0,1,0,0,0,0,0,1
SAMN08028019.fa,3,2,3,4,3,0,0,0,2,1,1,0
SAMN07655517.fa,0,0,0,0,0,0,0,0,0,0,0,0
SAMN13491122.fa,0,0,0,0,0,0,0,0,0,0,0,0
SAMN10343050.fa,0,0,0,0,0,0,0,0,0,0,0,0
SAMN13491215.fa,0,0,0,0,0,0,0,0,0,0,0,0
SAMN07655411.fa,1,0,0,2,0,0,1,0,0,0,0,0
SAMEA2382571.fa,0,0,1,0,0,1,0,3,0,0,0,0
SAMN08028232.fa,0,0,0,0,0,0,0,0,0,0,0,0
SAMN13491493.fa,0,0,0,0,0,0,0,0,0,0,0,0
SAMN13491327.fa,0,0,0,0,0,0,0,0,0,0,0,0
SAMN13491282.fa,0,0,0,0,0,0,0,0,0,0,0,0
SAMN08028217.fa,0,0,0,0,0,0,0,0,0,0,0,0
SAMN08028164.fa,0,0,0,0,0,0,0,0,0,0,0,0
SAMN13491431.fa,0,0,0,0,0,0,0,0,0,0,0,0
SAMN10389978.fa,0,0,0,0,0,0,0,0,0,0,0,0
SAMEA2144770.fa,0,0,2,0,0,1,0,0,1,0,1,1
SAMN07655671.fa,0,0,0,0,0,0,0,0,0,0,0,0
SAMN10390018.fa,0,0,0,0,0,0,0,0,0,0,0,1
SAMN10342925.fa,0,0,0,0,0,0,0,0,0,0,0,0
SAMN10342995.fa,0,0,0,0,0,0,0,0,0,0,0,0
SAMN13491413.fa,0,0,0,0,0,0,0,0,0,0,0,0
SAMN07655487.fa,0,0,0,0,0,0,0,0,0,0,0,0
SAMN07655645.fa,0,0,0,0,0,0,0,0,0,0,0,0
SAMN10608712.fa,0,0,0,0,0,0,0,0,0,0,0,0
SAMN07655342.fa,0,0,0,0,0,0,0,0,0,0,0,0
SAMN08028186.fa,0,0,0,0,0,0,0,0,0,0,0,0
SAMN10342948.fa,0,0,0,0,0,0,0,0,0,0,0,0
SAMN13491530.fa,0,0,0,0,0,0,0,0,0,0,0,0
SAMN07655633.fa,0,0,0,0,0,0,0,0,0,0,0,0
SAMN08028129.fa,0,0,0,0,0,0,0,0,0,0,0,0
SAMN33314456.fa,0,1,1,0,0,0,0,2,0,0,0,0
SAMN08027989.fa,0,0,0,0,0,0,0,0,0,0,0,0
SAMEA1026409.fa,0,0,0,0,0,1,0,4,0,0,2,2
SAMN13491513.fa,0,0,0,0,0,0,0,0,0,0,0,0
SAMN07655358.fa,0,0,0,0,0,0,0,0,0,0,0,0
SAMN13491126.fa,0,0,0,0,0,0,0,0,0,0,0,0
SAMN13491478.fa,0,0,0,0,0,0,0,0,0,0,0,0
SAMN07655476.fa,0,0,0,0,0,0,0,0,0,0,0,0
SAMN08028173.fa,0,0,0,0,0,0,0,0,0,0,0,0
SAMN10390070.fa,0,0,0,0,0,0,0,0,0,0,0,0
SAMN13491188.fa,0,0,0,0,0,0,0,0,0,0,0,0
SAMN07655366.fa,0,0,0,0,0,0,0,0,0,0,0,0
SAMN07655519.fa,0,0,0,0,0,0,0,0,0,0,0,0
SAMN29878974.fa,0,0,0,0,0,0,0,0,0,0,0,0
SAMEA114441668.fa,0,1,4,0,0,2,0,3,2,0,3,1
SAMN10342917.fa,0,0,0,0,0,0,0,0,0,0,0,0
SAMN10343169.fa,0,0,0,0,0,0,0,0,0,0,0,0
SAMEA2059400.fa,0,1,0,0,0,2,0,0,0,0,0,2
SAMN33314529.fa,1,0,0,0,0,0,0,7,2,0,1,4
SAMN10342940.fa,0,0,0,0,0,0,0,0,0,0,0,0
SAMN08028109.fa,0,0,0,0,0,0,0,0,0,0,0,0
SAMEA2335675.fa,0,0,0,0,0,0,0,0,1,0,0,0
SAMN07655542.fa,0,0,0,0,0,0,0,0,0,0,0,0
SAMN13491559.fa,0,0,0,0,0,0,0,0,0,0,0,0
SAMN11120913.fa,4,7,35,5,5,24,2,71,15,5,19,75
SAMN07655407.fa,0,0,0,0,0,0,0,0,0,0,0,0
SAMN13491400.fa,0,0,0,0,0,0,0,0,0,0,0,0
SAMEA5980564.fa,0,0,1,0,0,0,0,0,0,0,0,0
SAMN19697705.fa,0,0,0,0,0,0,0,0,0,0,0,0
SAMN13491350.fa,0,0,0,0,0,0,0,0,0,0,0,0
SAMN10390044.fa,0,0,0,0,0,0,0,0,0,0,0,0
SAMN13491585.fa,0,0,0,0,0,0,0,0,0,0,0,0
SAMN07655541.fa,0,0,0,0,0,0,0,0,0,0,0,0
SAMEA3176017.fa,0,0,1,1,1,0,0,7,2,1,0,5
SAMN08027885.fa,0,0,0,0,1,0,0,0,0,0,0,1
SAMN08028016.fa,0,0,0,0,0,0,0,0,0,0,0,0
SAMEA2161057.fa,0,1,2,0,0,1,0,4,0,0,0,4
SAMEA2696503.fa,0,0,0,0,0,0,0,0,0,0,0,2
SAMN10343154.fa,0,0,0,0,0,0,0,0,0,0,0,0
SAMN10343172.fa,0,2,0,0,1,0,0,0,1,0,0,0
SAMN10390013.fa,0,0,0,0,0,0,0,0,0,0,0,0
SAMEA2059866.fa,1,0,2,0,0,0,0,2,0,0,0,4
SAMN08028145.fa,0,0,0,0,0,0,0,0,0,0,0,0
SAMN08028035.fa,0,0,0,0,0,0,0,0,0,0,0,0
SAMN13491193.fa,0,0,0,0,0,0,0,0,0,0,0,0
SAMN08027913.fa,0,0,0,0,0,0,0,0,0,0,0,0
SAMN08028082.fa,0,0,0,0,0,0,0,0,0,0,0,0
SAMN10389986.fa,0,0,0,0,0,0,0,0,0,0,0,0
SAMN13491652.fa,0,0,0,0,0,0,0,0,0,0,0,0
SAMEA2674644.fa,0,0,0,0,0,0,0,0,0,0,0,0
SAMN07655420.fa,1,0,0,1,3,2,0,0,1,0,1,1
SAMN08028026.fa,0,0,0,0,0,0,0,0,0,0,0,0
SAMN10390053.fa,0,0,0,0,0,0,0,0,0,0,0,0
SAMN07655527.fa,0,0,0,0,0,0,0,0,0,0,0,0
SAMN08028156.fa,0,0,0,0,0,0,0,0,0,0,0,0
SAMN10342988.fa,0,0,0,0,0,0,0,0,0,0,0,0
SAMN10342977.fa,0,0,0,0,1,0,0,0,0,0,0,0
SAMEA4733248.fa,0,0,8,3,4,10,0,20,8,0,2,27
SAMN13491191.fa,0,0,0,0,0,0,0,0,0,0,0,0
SAMN07655482.fa,0,0,0,0,0,0,0,0,0,0,0,0
SAMN13491223.fa,2,0,0,1,1,1,1,2,0,1,0,0
SAMN10390005.fa,0,0,0,0,0,0,0,0,0,0,0,0
SAMN07655616.fa,0,0,0,0,0,0,0,0,0,0,0,0
SAMN07655520.fa,0,0,0,0,0,0,0,0,0,0,0,0
SAMN08028248.fa,0,1,1,0,0,0,0,0,0,0,0,0
SAMN13491132.fa,0,0,0,0,0,0,0,0,0,0,0,0
SAMN07655714.fa,0,0,0,0,0,0,0,0,0,0,0,0
SAMN13491487.fa,0,0,0,0,0,0,0,0,0,0,0,0
SAMEA2238352.fa,0,1,0,0,0,1,0,2,0,0,0,0
SAMN13491489.fa,0,0,0,0,0,0,0,0,0,0,0,0
SAMEA2151400.fa,0,0,0,0,0,3,0,3,0,0,3,1
SAMN10343122.fa,0,0,0,0,0,0,0,0,0,0,0,0
SAMN13491124.fa,0,0,0,0,0,0,0,0,0,0,0,0
SAMEA2238660.fa,0,0,1,1,1,2,0,5,1,1,1,5
SAMEA104035848.fa,0,0,1,0,0,1,0,1,0,0,0,5
SAMN19697706.fa,0,0,0,0,0,0,0,0,1,0,0,0
SAMN13491146.fa,0,0,0,0,0,0,0,0,0,0,0,0
SAMN07655509.fa,0,0,0,0,0,0,0,0,0,0,0,0
SAMN10342946.fa,0,0,0,0,0,0,0,0,0,0,0,0
SAMN10343033.fa,0,0,0,0,0,0,0,0,0,0,0,0
SAMEA115377374.fa,4,5,25,1,9,29,1,61,21,1,16,83
SAMN08027884.fa,0,0,0,2,1,2,0,0,0,0,0,1
SAMN13491393.fa,0,0,0,0,0,0,0,0,0,0,0,0
SAMN07655503.fa,0,0,0,0,0,0,0,0,0,0,0,0
SAMN07655540.fa,0,0,0,0,0,0,0,0,0,0,0,0
SAMEA4022970.fa,0,0,0,0,0,0,0,0,0,0,0,0
SAMN08028123.fa,0,0,0,0,0,0,0,0,0,0,0,0
SAMN09218791.fa,0,1,1,1,1,2,0,8,0,0,0,6
SAMN08028098.fa,0,0,0,2,0,0,0,0,0,0,0,1
SAMN13491405.fa,0,0,0,0,0,0,0,0,0,0,0,0
SAMN24060681.fa,0,0,0,0,0,0,0,0,0,0,0,0
SAMN10390008.fa,0,0,0,0,0,0,0,0,0,0,0,0
SAMN13491428.fa,0,0,0,0,0,0,0,0,0,0,0,0
SAMN07655667.fa,0,0,0,0,0,0,0,0,0,0,0,0
SAMN13491137.fa,0,0,0,0,0,0,0,0,0,0,0,0
SAMN07655438.fa,0,0,0,0,0,0,0,0,0,0,0,0
SAMN10390046.fa,0,0,0,0,0,0,0,0,0,0,0,0
SAMN13491630.fa,0,0,0,0,0,0,0,0,0,0,0,0
SAMN13491286.fa,0,0,0,0,0,0,0,0,0,0,0,0
SAMN13491473.fa,0,0,0,0,0,0,0,0,0,0,0,0
SAMN08028067.fa,0,0,0,0,0,0,0,0,0,0,0,0
SAMN10343076.fa,0,0,0,0,0,0,0,0,0,0,0,0
SAMN10342885.fa,0,0,0,0,0,0,0,0,0,0,0,0
SAMN13491452.fa,0,0,0,0,0,0,0,0,0,0,0,0
SAMN07655360.fa,0,0,0,0,0,0,0,0,0,0,0,0
SAMN10342937.fa,0,0,0,0,0,0,0,0,0,0,0,0
SAMN08028159.fa,0,0,0,0,0,0,0,0,0,0,0,0
SAMN10389988.fa,0,0,0,0,0,0,0,0,0,0,0,0
SAMEA4387857.fa,0,0,1,0,1,0,0,2,0,0,0,0
SAMEA4023810.fa,0,0,3,0,0,4,0,7,2,0,0,2
SAMN10342890.fa,0,0,0,0,0,0,0,0,0,0,0,0
SAMEA2238482.fa,0,0,1,0,0,2,0,1,0,1,0,4
SAMN08028183.fa,0,0,0,0,0,0,0,0,0,0,0,0
SAMN13491186.fa,0,0,0,0,0,0,0,0,0,0,0,0
SAMEA2382894.fa,0,1,0,0,0,1,0,1,0,0,0,0
SAMN13491614.fa,0,0,0,0,0,0,0,0,0,0,0,0
SAMN13491472.fa,0,0,0,0,0,0,0,0,0,0,0,0
SAMN07655525.fa,0,0,0,0,0,0,0,0,0,0,0,0
SAMEA2149439.fa,1,1,2,0,0,0,0,2,3,0,1,6
SAMN07655524.fa,0,0,0,0,0,0,0,0,0,0,0,0
SAMN07655660.fa,0,0,0,0,0,0,0,0,0,0,0,0
SAMN08027936.fa,0,0,0,0,0,0,0,0,0,0,0,0
SAMN13491332.fa,0,0,0,0,0,0,0,0,0,0,0,0
SAMEA115376329.fa,0,0,1,0,1,0,0,1,0,0,0,1
SAMN08028190.fa,0,0,0,0,0,0,0,0,0,0,0,0
SAMN07655692.fa,0,0,0,0,0,0,0,0,0,0,0,0
SAMN10343062.fa,0,0,0,0,0,0,0,0,0,0,0,0
SAMEA10254549.fa,5,4,25,1,6,22,2,66,14,3,15,90
SAMN10342888.fa,0,0,0,0,0,0,0,0,0,0,0,0
SAMN10342916.fa,0,0,0,0,0,0,0,0,0,0,0,0
SAMN07655354.fa,0,0,0,0,0,0,0,0,0,0,0,0
SAMN13491310.fa,0,0,0,0,0,0,0,0,0,0,0,0
SAMN08027960.fa,0,0,0,0,0,0,0,0,0,0,0,0
SAMN13491410.fa,0,0,0,0,0,0,0,0,0,0,0,0
SAMN24060694.fa,0,0,0,0,0,0,0,0,0,0,0,0
SAMN13491527.fa,0,0,0,0,0,0,0,0,0,0,0,0
SAMN13491304.fa,0,0,0,0,0,0,0,0,0,0,0,0
SAMN41768268.fa,0,0,4,0,1,1,0,9,1,0,0,7
SAMN07655648.fa,0,0,0,0,0,0,0,0,0,0,0,0
SAMN10343107.fa,0,0,0,0,0,0,0,0,0,0,0,0
SAMEA3173046.fa,0,1,12,0,3,5,0,14,3,2,9,14
SAMN08028231.fa,0,0,0,0,0,0,0,0,0,0,0,0
SAMN07655391.fa,0,0,0,0,0,0,0,0,0,0,0,0
SAMN13491271.fa,0,0,0,0,0,0,0,0,0,0,0,0
SAMN08028214.fa,0,0,0,0,0,0,0,0,0,0,0,0
SAMN13491603.fa,0,0,0,0,0,0,0,0,0,0,0,0
SAMN13491155.fa,4,7,13,4,7,3,6,4,4,5,5,3
SAMN13491166.fa,0,0,0,0,0,0,0,0,0,0,0,0
SAMEA1032476.fa,0,0,0,0,1,0,0,0,0,0,0,0
SAMN13491550.fa,0,0,0,0,0,0,0,0,0,0,0,0
SAMN07655347.fa,0,0,0,0,0,0,0,0,0,0,0,0
SAMN08028092.fa,0,0,0,0,0,0,0,0,0,0,0,0
SAMN13491605.fa,0,0,0,0,0,0,0,0,0,0,0,0
SAMN41765276.fa,0,0,0,0,0,0,0,1,0,0,0,1
SAMN17390625.fa,0,0,0,0,0,0,0,0,0,0,0,0
SAMN10343144.fa,0,0,0,0,0,0,0,0,0,0,0,0
SAMN13491292.fa,0,0,0,0,0,0,0,0,0,0,0,0
SAMN13491532.fa,0,0,0,0,0,0,0,0,0,0,0,0
SAMN13491224.fa,0,0,0,0,0,0,0,0,0,0,0,0
SAMN13491619.fa,0,0,0,0,0,0,0,0,0,0,0,0
SAMN10390037.fa,0,0,0,0,0,0,0,0,0,0,0,0
SAMEA3431506.fa,3,7,37,1,4,17,5,78,11,4,14,73
SAMN13491161.fa,0,0,0,0,0,0,0,0,0,0,0,0
SAMN13491404.fa,0,0,0,0,0,0,0,0,0,1,0,0
SAMEA104177204.fa,0,0,1,0,1,0,0,2,0,0,1,5
SAMN10342945.fa,0,0,0,0,0,0,0,1,0,0,0,0
SAMN07655551.fa,0,0,0,0,0,0,0,0,0,0,0,0
SAMN10342886.fa,0,0,0,0,0,0,0,0,0,0,0,0
SAMN08028146.fa,0,0,0,0,0,0,0,0,0,0,0,0
SAMN17390715.fa,0,0,0,0,0,0,0,3,1,0,2,1
SAMN08027974.fa,0,0,0,0,0,0,0,0,0,0,0,0
SAMN08027980.fa,0,0,0,0,0,0,0,0,0,0,0,0
SAMEA2167660.fa,2,1,0,0,0,0,0,6,1,1,0,7
SAMN10343057.fa,0,0,0,0,0,0,0,0,0,0,0,0
SAMN17390627.fa,0,0,0,0,0,0,0,0,0,0,0,0
SAMN10390033.fa,0,0,0,0,0,0,0,0,0,0,0,0
SAMN13491336.fa,0,0,0,0,0,0,0,0,0,0,0,0
SAMN17390658.fa,0,0,0,0,0,0,0,0,0,0,0,0
SAMN10343111.fa,0,0,0,0,0,0,0,0,0,0,0,0
SAMN07655337.fa,0,0,0,0,0,0,0,0,0,0,0,0
SAMEA3221436.fa,0,1,0,0,0,0,0,0,0,0,0,1
SAMEA2059244.fa,0,0,0,0,0,0,0,1,1,0,2,4
SAMN13491234.fa,0,0,0,0,0,0,0,0,0,0,0,0
SAMEA2553806.fa,0,1,0,0,0,0,0,0,0,0,0,2
SAMN08028198.fa,0,0,0,0,0,0,0,0,0,0,0,0
SAMN08028233.fa,0,0,0,0,0,0,0,0,0,0,0,0
SAMEA5054393.fa,0,0,0,0,0,1,0,0,0,0,0,0
SAMN13491505.fa,0,0,0,0,0,0,0,0,0,0,0,0
SAMN13491589.fa,0,0,0,0,0,0,0,0,0,0,0,0
SAMN08028007.fa,0,0,0,0,0,1,0,0,1,1,0,0
SAMN10343010.fa,0,0,0,0,0,0,0,0,0,0,0,0
SAMN08028074.fa,0,0,0,0,0,0,0,0,0,0,0,0
SAMN10343015.fa,0,0,0,0,0,0,0,0,0,0,0,0
SAMN13491211.fa,0,0,0,0,0,0,0,0,0,0,0,0
SAMN07655573.fa,0,0,0,0,0,0,0,0,0,0,0,0
SAMN10342912.fa,0,0,0,0,0,0,0,0,0,0,0,0
SAMN24060695.fa,0,0,0,0,0,0,0,0,0,0,0,0
SAMN13491205.fa,0,0,0,0,0,0,0,0,1,0,0,0
SAMN07655536.fa,0,0,0,0,0,0,0,0,0,0,0,0
SAMN38909832.fa,0,0,0,0,0,0,0,0,0,0,0,0
SAMN07655585.fa,0,0,0,0,0,0,0,0,0,0,0,0
SAMEA682606.fa,0,0,0,0,0,0,0,1,0,0,1,0
SAMN08028134.fa,0,0,0,0,0,0,0,0,0,0,0,0
SAMN10343147.fa,0,0,0,0,0,0,0,0,0,0,0,0
SAMN08028002.fa,0,0,0,0,0,0,0,0,0,0,0,0
SAMN08028206.fa,0,0,0,0,0,0,0,0,0,0,0,0
SAMN10389977.fa,0,0,0,0,0,0,0,0,0,0,0,0
SAMN07655473.fa,0,0,0,0,1,0,1,2,0,0,0,0
SAMN07655676.fa,0,0,0,0,0,0,0,0,0,0,0,0
SAMN13491148.fa,0,0,0,0,0,0,0,0,0,0,0,0
SAMN10342970.fa,0,0,0,0,0,0,0,0,0,0,0,0
SAMN07655472.fa,0,0,0,0,0,0,0,0,0,0,0,0
SAMEA2203910.fa,0,0,0,0,1,0,1,1,0,0,0,1
SAMN07655594.fa,0,0,0,0,0,0,0,1,0,0,0,0
SAMN08028011.fa,0,0,0,0,0,0,0,0,0,0,0,0
SAMN07655678.fa,0,0,0,0,0,0,0,0,0,0,0,0
SAMN13491389.fa,0,0,0,0,0,0,0,0,0,0,0,0
SAMN29878977.fa,0,0,0,0,0,0,0,0,0,0,0,0
SAMN13491420.fa,0,0,0,0,0,0,0,0,0,0,0,0
SAMN07655508.fa,0,0,0,0,0,0,0,0,0,0,0,0
SAMEA2060152.fa,0,0,1,0,0,0,1,4,0,1,2,4
SAMN13491301.fa,0,0,0,0,0,0,0,0,0,0,0,0
SAMN13491290.fa,0,0,0,0,0,1,0,0,0,0,0,0
SAMN13491466.fa,0,0,0,0,0,0,0,0,0,0,0,0
SAMN07655694.fa,0,1,0,0,1,0,0,0,0,0,0,0
SAMN10390040.fa,0,0,0,0,0,0,0,0,0,0,0,0
SAMN07655495.fa,1,2,2,0,3,0,0,0,1,1,1,1
SAMN10342952.fa,0,0,0,0,0,0,0,0,0,0,0,0
SAMN10390043.fa,0,0,0,0,0,0,0,0,0,0,0,0
SAMN10343142.fa,0,0,0,0,0,0,0,0,0,0,0,0
SAMN07655597.fa,0,0,0,0,0,0,0,0,0,0,0,0
SAMN08027972.fa,0,0,0,0,0,0,0,0,0,0,0,0
SAMN08028139.fa,0,0,0,0,0,0,0,0,0,0,0,0
SAMN07655357.fa,0,0,0,0,0,0,0,0,0,0,0,0
SAMN41139471.fa,0,0,0,0,0,1,0,1,1,0,0,2
SAMN13491181.fa,0,0,0,0,0,0,0,0,0,0,0,0
SAMN10342898.fa,0,0,0,0,0,0,0,0,0,0,0,0
SAMN07655378.fa,0,0,0,0,0,0,0,0,0,0,0,0
SAMN13491546.fa,0,0,0,0,0,0,0,0,0,0,0,0
SAMN10343080.fa,0,0,0,0,0,0,0,0,0,0,0,0
SAMEA2239090.fa,0,0,1,0,0,0,0,2,1,0,0,3
SAMN10343160.fa,0,0,0,0,0,0,0,0,0,0,0,0
SAMN10390038.fa,0,0,0,0,0,0,0,0,0,0,0,0
SAMN22558790.fa,0,0,0,0,0,0,0,0,0,0,0,2
SAMN07655589.fa,0,0,0,0,0,0,0,0,0,0,0,0
SAMN10390006.fa,0,0,0,0,0,0,0,0,0,0,0,0
SAMN07655469.fa,0,0,0,0,0,0,0,0,0,0,0,0
SAMN08027921.fa,0,0,0,0,0,0,0,0,0,0,0,0
SAMN08027955.fa,0,0,1,0,0,0,0,1,0,0,0,0
SAMN07655356.fa,0,0,0,0,0,0,0,0,0,0,0,0
SAMN08027941.fa,0,0,0,0,0,0,0,0,0,0,0,0
SAMN13491451.fa,0,0,0,0,0,0,0,0,0,0,0,0
SAMN10343132.fa,0,0,0,0,0,0,0,0,0,0,0,0
SAMN08028125.fa,0,0,0,0,0,0,0,0,0,0,0,0
SAMN17390619.fa,0,1,0,0,0,0,0,4,2,0,2,2
SAMN13491656.fa,0,0,0,0,0,0,0,0,0,0,0,0
SAMEA2796996.fa,0,1,2,0,0,1,0,7,2,0,2,4
SAMN13491514.fa,0,0,0,0,0,0,0,0,0,0,0,0
SAMN27738124.fa,0,0,0,0,0,2,0,3,0,0,0,1
SAMN13491492.fa,0,0,0,0,0,0,0,0,0,0,0,0
SAMEA2382569.fa,0,2,1,0,1,0,0,3,0,0,1,2
SAMN07655637.fa,0,0,0,0,0,0,0,0,0,0,0,0
SAMN13491298.fa,0,0,0,0,0,0,0,0,0,0,0,0
SAMN07655507.fa,0,0,0,0,0,0,0,0,0,0,0,0
SAMN10389994.fa,0,0,0,0,0,0,0,0,0,0,0,0
SAMEA2058885.fa,0,0,0,0,0,1,0,2,0,0,1,3
SAMEA2238609.fa,2,7,28,3,8,26,3,85,12,0,11,76
SAMN13491119.fa,0,0,0,0,0,0,0,0,0,0,0,0
SAMN07655424.fa,0,0,0,0,0,0,0,0,0,0,0,0
SAMN10342990.fa,0,0,0,0,0,0,0,0,0,0,0,0
SAMN08027935.fa,0,0,0,0,0,0,0,0,0,0,0,0
SAMN13491508.fa,0,0,0,0,0,0,0,0,0,0,0,0
SAMN13491545.fa,0,0,0,0,0,0,0,0,0,0,0,0
SAMN10343097.fa,0,0,0,0,0,0,0,0,0,0,0,0
SAMN10343112.fa,0,0,0,0,0,0,0,0,1,0,0,0
SAMN13491441.fa,0,0,0,0,0,0,0,0,0,0,0,0
SAMN07655641.fa,0,0,0,0,0,0,0,0,0,0,0,0
SAMN10342944.fa,0,0,0,0,0,0,0,0,0,0,0,0
SAMEA2335831.fa,1,1,8,0,1,8,2,23,5,0,3,14
SAMN08027971.fa,2,6,2,4,2,7,0,5,4,4,0,1
SAMEA4023469.fa,0,0,1,0,0,1,0,4,0,0,1,1
SAMN10342901.fa,0,0,0,0,0,0,0,0,0,0,0,0
SAMN08028135.fa,0,0,0,0,0,0,0,0,0,0,0,0
SAMN13491184.fa,0,0,0,0,0,0,0,0,0,0,0,1
SAMEA1969535.fa,1,0,0,0,0,1,0,2,0,0,1,2
SAMN13491392.fa,0,0,0,0,0,0,0,0,0,0,0,0
SAMN07655577.fa,0,0,0,0,0,0,0,0,0,0,0,0
SAMN10343070.fa,0,0,0,0,0,0,0,0,0,0,0,0
SAMN08027895.fa,0,0,0,0,0,0,1,0,0,0,0,0
SAMN13491474.fa,0,0,0,0,0,0,0,0,0,0,0,0
SAMN08027927.fa,0,0,0,0,0,0,0,0,0,0,0,0
SAMEA2674735.fa,0,0,0,0,0,0,0,0,0,0,0,0
SAMN08027973.fa,0,0,0,0,0,0,0,0,0,0,0,0
SAMEA2658346.fa,0,1,1,0,0,1,1,3,0,0,0,1
SAMN33314584.fa,0,1,0,2,2,1,0,2,2,0,2,0
SAMN08027880.fa,0,0,0,0,0,0,0,0,0,0,0,0
SAMN13491277.fa,0,0,0,0,0,0,0,0,0,0,1,1
SAMN07655483.fa,0,0,0,0,0,0,0,0,0,0,0,0
SAMN07655345.fa,0,0,0,0,0,0,0,0,0,0,0,0
SAMN17390761.fa,0,0,0,0,0,0,0,0,0,0,1,0
SAMN08027886.fa,0,0,0,0,0,0,0,0,0,0,0,0
SAMN29878978.fa,0,0,0,0,0,0,0,0,0,0,0,0
SAMN10390069.fa,0,0,0,0,0,0,0,0,0,0,0,0
SAMN07655351.fa,0,0,0,0,0,0,0,0,0,0,0,0
SAMN13491391.fa,0,0,0,0,0,0,0,0,1,0,0,0
SAMN13491268.fa,2,4,4,2,0,1,2,3,1,2,2,3
SAMEA104035182.fa,0,1,0,0,0,1,0,3,1,0,0,4
SAMN13491522.fa,0,0,0,0,0,0,0,0,0,0,0,0
SAMN13491394.fa,0,0,0,0,0,0,0,0,0,0,0,0
SAMN07655613.fa,0,0,0,0,0,0,0,0,0,0,0,0
SAMN10343036.fa,0,0,0,0,0,0,0,0,0,0,0,0
SAMN08028119.fa,0,0,0,0,0,0,0,0,0,0,0,0
SAMN07655496.fa,0,0,0,0,0,0,0,0,0,0,0,0
SAMN08028060.fa,0,0,0,0,0,0,0,0,0,0,0,0
SAMN33314345.fa,0,0,0,0,0,1,0,4,2,0,1,2
SAMN13491112.fa,0,0,0,0,0,0,0,0,0,0,0,0
SAMN10343163.fa,0,0,0,0,0,0,0,0,0,0,0,0
SAMN13491143.fa,0,0,0,0,0,0,0,0,0,0,0,0
SAMN07655436.fa,0,0,0,0,0,0,0,0,0,0,0,0
SAMN10342958.fa,0,0,0,0,0,0,0,0,0,0,0,0
SAMEA115795620.fa,0,0,2,0,1,1,0,1,0,0,0,4
SAMN10343067.fa,0,0,0,0,0,0,0,0,0,0,0,0
SAMN08028224.fa,0,0,0,0,0,0,0,0,0,0,0,0
SAMN07655514.fa,0,0,0,0,0,0,0,0,0,0,0,0
SAMN07655489.fa,0,0,0,0,0,0,0,0,0,0,0,0
SAMEA2659024.fa,1,0,0,0,0,0,0,3,1,0,1,2
SAMEA115795768.fa,0,0,0,0,1,1,0,2,1,0,0,3
SAMEA115795927.fa,0,2,0,0,0,2,0,2,0,1,2,4
SAMN08028066.fa,0,0,0,0,0,0,0,0,0,0,0,0
SAMN10343037.fa,0,0,0,0,0,0,0,0,0,0,0,0
SAMEA2383054.fa,0,0,2,0,0,1,0,3,1,0,2,4
SAMN10342928.fa,0,0,0,0,0,0,0,0,0,0,0,0
SAMN13491560.fa,0,1,0,0,0,0,0,0,0,0,0,0
SAMN13491198.fa,0,0,0,0,0,0,0,0,0,0,0,0
SAMN10390020.fa,0,0,0,0,0,0,0,0,0,0,0,0
SAMEA2797214.fa,0,0,1,0,0,3,0,7,1,0,2,5
SAMN13491192.fa,0,0,0,0,0,0,0,0,0,0,0,0
SAMEA5980411.fa,0,0,0,0,0,0,0,2,0,0,2,2
SAMN07655501.fa,0,0,0,0,0,0,0,0,0,0,0,0
SAMN07655531.fa,0,0,0,0,0,0,0,0,0,0,0,0
SAMN07655606.fa,0,0,0,0,0,0,0,0,0,0,0,0
SAMN13491200.fa,0,0,0,0,0,0,0,0,0,0,0,0
SAMEA115795414.fa,0,0,0,0,0,0,0,0,0,0,0,0
SAMEA3221540.fa,0,0,2,0,1,1,0,4,1,1,2,6
SAMN10343140.fa,0,0,0,0,0,0,0,0,0,0,0,0
